X1	X2	X3	X4	X5	X6	normal_mean	GC_content	position
BX284601.5	0	100000	25.619	108.2456207	0.3573	0.03984419861629966	35.730000000000004	1
BX284601.5	100000	200000	16.377	112.84478	0.3693	0.04224610082273972	36.93	2
BX284601.5	200000	300000	21.329	88.0813217	0.36445	0.029313431773886286	36.445	3
BX284601.5	300000	400000	21.367	99.9830093	0.35621	0.03552906551086085	35.621	4
BX284601.5	400000	500000	28.588	88.3117905	0.35999	0.029433793666816498	35.998999999999995	5
BX284601.5	500000	600000	31.806	59.8372498	0.38676	0.01456301888528256	38.676	6
BX284601.5	600000	700000	41.864	61.0063019	0.35695	0.01517355412341475	35.695	7
BX284601.5	700000	800000	39.357	75.6803894	0.38983	0.02283706844085631	38.983000000000004	8
BX284601.5	800000	900000	32.744	66.0473175	0.38418	0.017806214943042974	38.418	9
BX284601.5	900000	1000000	37.228	55.8206482	0.38879	0.012465356330860782	38.879000000000005	10
BX284601.5	1000000	1100000	35.252	54.4916	0.36429	0.011771263433481645	36.429	11
BX284601.5	1100000	1200000	46.999	34.165699	0.34584	0.001156100253597394	34.583999999999996	12
BX284601.5	1200000	1300000	43.285	61.0554504	0.34681	0.015199221834162063	34.681	13
BX284601.5	1300000	1400000	47.685	58.8223991	0.34072	0.014033015035331711	34.072	14
BX284601.5	1400000	1500000	44.455	65.0196915	0.35081	0.01726953921693903	35.081	15
BX284601.5	1500000	1600000	49.307	44.8167686	0.34078	0.006718601116132567	34.078	16
BX284601.5	1600000	1700000	45.041	82.3842163	0.35635	0.026338129302719095	35.635	17
BX284601.5	1700000	1800000	37.892	48.1929016	0.35948	0.00848178016103651	35.948	18
BX284601.5	1800000	1900000	41.676	67.7673721	0.37356	0.018704510189945463	37.356	19
BX284601.5	1900000	2000000	51.163	40.7570305	0.3176	0.004598410606541219	31.759999999999998	20
BX284601.5	2000000	2100000	38.238	50.4902916	0.37021	0.009681587723704177	37.021	21
BX284601.5	2100000	2200000	43.336	46.6038284	0.33509	0.007651889701431259	33.509	22
BX284601.5	2200000	2300000	31.045	100.5272522	0.36709	0.03581329533137377	36.709	23
BX284601.5	2300000	2400000	40.123	66.6336823	0.36662	0.01811244284580311	36.662	24
BX284601.5	2400000	2500000	36.616	55.6724396	0.35484	0.012387954671093658	35.484	25
BX284601.5	2500000	2600000	27.965	76.3363419	0.35932	0.023179638387731134	35.931999999999995	26
BX284601.5	2600000	2700000	25.187	105.1701813	0.39384	0.03823805623270518	39.384	27
BX284601.5	2700000	2800000	27.737	92.6586838	0.3794	0.03170395043403905	37.940000000000005	28
BX284601.5	2800000	2900000	29.185	100.3518906	0.36732	0.03572171306894488	36.732	29
BX284601.5	2900000	3000000	38.7	64.3641815	0.35325	0.0169272003648485	35.325	30
BX284601.5	3000000	3100000	37.174	71.8078995	0.33035	0.020814667947960393	33.035	31
BX284601.5	3100000	3200000	35.634	58.3151817	0.34911	0.013768121711848701	34.910999999999994	32
BX284601.5	3200000	3300000	33.918	87.5791397	0.35623	0.02905116817848647	35.623	33
BX284601.5	3300000	3400000	29.613	97.8338623	0.36669	0.03440667757329495	36.669000000000004	34
BX284601.5	3400000	3500000	34.152	63.662281	0.36275	0.016560634162270698	36.275	35
BX284601.5	3500000	3600000	30.402	81.0335693	0.33731	0.025632756473075714	33.731	36
BX284601.5	3600000	3700000	20.257	61.5611496	0.36499	0.015463322280579516	36.498999999999995	37
BX284601.5	3700000	3800000	16.585	91.6873169	0.37345	0.031196655916022928	37.345	38
BX284601.5	3800000	3900000	15.105	109.1193314	0.37651	0.04030049236940368	37.651	39
BX284601.5	3900000	4000000	15.189	117.8150406	0.37494	0.044841809978046016	37.494	40
BX284601.5	4000000	4100000	7.327	145.3770752	0.37303	0.05923603018253367	37.303	41
BX284601.5	4100000	4200000	13.386	109.0871201	0.36013	0.040283670079177235	36.013	42
BX284601.5	4200000	4300000	28.413	95.7791595	0.35225	0.03333361293974364	35.225	43
BX284601.5	4300000	4400000	9.834	141.760437	0.38659	0.05734724775386775	38.659	44
BX284601.5	4400000	4500000	16.649	89.4444809	0.34503	0.030025339076207618	34.503	45
BX284601.5	4500000	4600000	16.15	75.9243622	0.35046	0.02296448277213015	35.046	46
BX284601.5	4600000	4700000	14.145	116.1819229	0.3558	0.04398891736199632	35.58	47
BX284601.5	4700000	4800000	16.892	112.0751877	0.35895	0.04184418270622019	35.894999999999996	48
BX284601.5	4800000	4900000	15.085	103.0734024	0.34113	0.03714301743586965	34.113	49
BX284601.5	4900000	5000000	10.239	120.3301926	0.36659	0.04615534333148566	36.659000000000006	50
BX284601.5	5000000	5100000	11.406	116.7372513	0.34668	0.04427893656382279	34.668	51
BX284601.5	5100000	5200000	12.583	70.1409531	0.36401	0.019944108357607147	36.401	52
BX284601.5	5200000	5300000	12.563	116.7634277	0.34714	0.044292607138990005	34.714	53
BX284601.5	5300000	5400000	9.582	110.1686783	0.35304	0.04084851179426488	35.304	54
BX284601.5	5400000	5500000	12.692	93.6064377	0.34023	0.03219891310766772	34.022999999999996	55
BX284601.5	5500000	5600000	9.546	103.9963608	0.34961	0.037625030706732523	34.961	56
BX284601.5	5600000	5700000	10.596	100.0988083	0.35271	0.035589541318603264	35.271	57
BX284601.5	5700000	5800000	11.906	102.5587234	0.33829	0.036874227305963	33.829	58
BX284601.5	5800000	5900000	7.741	121.9133835	0.34663	0.04698216177109174	34.663	59
BX284601.5	5900000	6000000	9.862	86.6992722	0.34317	0.028591659048279806	34.317	60
BX284601.5	6000000	6100000	8.107	97.3208618	0.34589	0.0341387640368243	34.589	61
BX284601.5	6100000	6200000	7.731	129.6994171	0.35531	0.051048403025935093	35.531	62
BX284601.5	6200000	6300000	6.982	100.9839478	0.35401	0.03605180374079361	35.400999999999996	63
BX284601.5	6300000	6400000	9.139	114.0688705	0.35639	0.04288537976070395	35.638999999999996	64
BX284601.5	6400000	6500000	6.31	142.5672913	0.35538	0.057768625879092865	35.538	65
BX284601.5	6500000	6600000	6.046	106.8533173	0.34833	0.03911707081089966	34.833	66
BX284601.5	6600000	6700000	9.608	97.9117279	0.33473	0.03444734273495738	33.473000000000006	67
BX284601.5	6700000	6800000	8.461	74.3263474	0.35405	0.022129922578913126	35.405	68
BX284601.5	6800000	6900000	6.31	98.8923187	0.34837	0.03495945441722392	34.837	69
BX284601.5	6900000	7000000	7.718	89.1150894	0.3323	0.02985331499114655	33.23	70
BX284601.5	7000000	7100000	11.707	114.0444412	0.36061	0.042872621605192396	36.061	71
BX284601.5	7100000	7200000	6.424	112.3086014	0.3444	0.04196608256758036	34.44	72
BX284601.5	7200000	7300000	9.618	113.3987885	0.36196	0.04253543070929888	36.196	73
BX284601.5	7300000	7400000	8.186	107.8813629	0.35189	0.03965396567230639	35.189	74
BX284601.5	7400000	7500000	8.567	111.7014084	0.34278	0.04164897717694191	34.278	75
BX284601.5	7500000	7600000	9.363	109.0604401	0.34871	0.0402697364998668	34.871	76
BX284601.5	7600000	7700000	5.34	142.0703125	0.35185	0.05750907964500745	35.185	77
BX284601.5	7700000	7800000	14.226	108.3306274	0.35348	0.03988859320386965	35.348	78
BX284601.5	7800000	7900000	9.426	99.6728592	0.34771	0.03536709021039287	34.771	79
BX284601.5	7900000	8000000	12.231	109.0299988	0.36005	0.04025383858877751	36.004999999999995	80
BX284601.5	8000000	8100000	9.243	112.4115524	0.3508	0.04201984853173281	35.08	81
BX284601.5	8100000	8200000	8.978	110.9640503	0.33418	0.04126389331013033	33.418	82
BX284601.5	8200000	8300000	10.955	119.246109	0.3529	0.045589182731046035	35.29	83
BX284601.5	8300000	8400000	11.823	110.6177216	0.33918	0.041083023804548396	33.918	84
BX284601.5	8400000	8500000	11.925	105.200943	0.34978	0.03825412147208575	34.977999999999994	85
BX284601.5	8500000	8600000	11.603	109.0383377	0.33815	0.04025819356345936	33.815	86
BX284601.5	8600000	8700000	12.172	103.0563965	0.35521	0.03713413613690432	35.521	87
BX284601.5	8700000	8800000	9.161	99.4877625	0.34725	0.035270423810484786	34.725	88
BX284601.5	8800000	8900000	8.723	106.5749588	0.35133	0.03897169861313053	35.132999999999996	89
BX284601.5	8900000	9000000	4.336	119.41185	0.36198	0.04567574065340319	36.198	90
BX284601.5	9000000	9100000	11.241	89.8201294	0.33919	0.030221520791634586	33.919	91
BX284601.5	9100000	9200000	6.934	111.5742798	0.35572	0.0415825845071247	35.571999999999996	92
BX284601.5	9200000	9300000	10.645	97.6895828	0.341	0.03433132787853789	34.1	93
BX284601.5	9300000	9400000	13.334	100.0734863	0.34778	0.035576316952212764	34.778	94
BX284601.5	9400000	9500000	11.284	105.3842392	0.35129	0.038349847564289614	35.129	95
BX284601.5	9500000	9600000	9.484	91.5956421	0.3625	0.031148778925896726	36.25	96
BX284601.5	9600000	9700000	10.512	96.9730301	0.35834	0.03395710959234794	35.833999999999996	97
BX284601.5	9700000	9800000	9.794	101.0531311	0.34376	0.03608793458777662	34.376	98
BX284601.5	9800000	9900000	12.727	79.7981567	0.34156	0.02498756458989745	34.156	99
BX284601.5	9900000	10000000	10.776	120.2881775	0.35614	0.04613340102533554	35.614000000000004	100
BX284601.5	10000000	10100000	11.938	106.0138626	0.35047	0.03867866718871234	35.047	101
BX284601.5	10100000	10200000	8.04	70.2550812	0.35043	0.020003711540999124	35.043	102
BX284601.5	10200000	10300000	12.9	99.8253403	0.3463	0.03544672317516762	34.63	103
BX284601.5	10300000	10400000	7.175	96.3519592	0.33909	0.033632756494801234	33.909	104
BX284601.5	10400000	10500000	16.683	103.1704178	0.36674	0.0371936835441992	36.674	105
BX284601.5	10500000	10600000	11.452	121.3430023	0.34823	0.04668428127306422	34.823	106
BX284601.5	10600000	10700000	14.222	146.3139191	0.35542	0.05972529512939034	35.542	107
BX284601.5	10700000	10800000	13.422	118.3584824	0.35389	0.04512562142560595	35.388999999999996	108
BX284601.5	10800000	10900000	18.37	135.4254761	0.35031	0.05403882645969307	35.031	109
BX284601.5	10900000	11000000	22.757	68.986412	0.33591	0.019341151461655375	33.591	110
BX284601.5	11000000	11100000	32.205	128.0585327	0.35881	0.05019145426556641	35.881	111
BX284601.5	11100000	11200000	39.195	118.3378983	0.38091	0.045114871418488876	38.091	112
BX284601.5	11200000	11300000	33.483	66.8842163	0.37214	0.01824328375131127	37.214000000000006	113
BX284601.5	11300000	11400000	39.523	52.6342583	0.35609	0.010801270259437178	35.609	114
BX284601.5	11400000	11500000	30.855	93.0388718	0.38068	0.03190250289471638	38.068000000000005	115
BX284601.5	11500000	11600000	21.749	79.329689	0.39097	0.024742908223618527	39.097	116
BX284601.5	11600000	11700000	25.52	63.5705795	0.37757	0.016512743228120217	37.757000000000005	117
BX284601.5	11700000	11800000	17.031	87.9866714	0.40387	0.02926400083453826	40.387	118
BX284601.5	11800000	11900000	30.086	85.6142197	0.34459	0.02802499244165601	34.459	119
BX284601.5	11900000	12000000	31.076	95.0290833	0.35747	0.03294188706937029	35.747	120
BX284601.5	12000000	12100000	25.935	63.0721588	0.3666	0.016252443964499274	36.66	121
BX284601.5	12100000	12200000	25.826	88.3839111	0.35533	0.029471458513143912	35.533	122
BX284601.5	12200000	12300000	21.136	97.4770584	0.38756	0.03422033741441495	38.756	123
BX284601.5	12300000	12400000	13.293	110.6467285	0.37499	0.041098172602962925	37.499	124
BX284601.5	12400000	12500000	23.707	75.1647034	0.3724	0.022567752407112868	37.24	125
BX284601.5	12500000	12600000	11.491	119.9293823	0.39586	0.04594602091381383	39.586	126
BX284601.5	12600000	12700000	21.934	96.0959091	0.36978	0.03349903481654817	36.978	127
BX284601.5	12700000	12800000	25.407	93.7974472	0.3484	0.032298667456142016	34.839999999999996	128
BX284601.5	12800000	12900000	25.844	92.897049	0.34684	0.03182843620686681	34.684	129
BX284601.5	12900000	13000000	17.169	83.3839798	0.3594	0.02686025389113425	35.94	130
BX284601.5	13000000	13100000	16.342	118.8424606	0.34097	0.04537837812104133	34.097	131
BX284601.5	13100000	13200000	19.716	92.9506989	0.36271	0.03185645476521188	36.271	132
BX284601.5	13200000	13300000	21.436	92.3419418	0.36975	0.03153853252632008	36.975	133
BX284601.5	13300000	13400000	16.798	109.9284363	0.35317	0.040723045866202866	35.317	134
BX284601.5	13400000	13500000	31.42	62.9873505	0.33488	0.016208152990952344	33.488	135
BX284601.5	13500000	13600000	29.122	101.8085098	0.33609	0.0364824296787007	33.609	136
BX284601.5	13600000	13700000	35.182	66.6925964	0.35054	0.01814321062259667	35.054	137
BX284601.5	13700000	13800000	39.426	98.1918106	0.34654	0.034593615392900685	34.654	138
BX284601.5	13800000	13900000	32.863	83.3568573	0.33973	0.026846089217039536	33.973	139
BX284601.5	13900000	14000000	36.372	100.745018	0.38861	0.03592702310668853	38.861000000000004	140
BX284601.5	14000000	14100000	27.204	78.946579	0.38511	0.024542829753992728	38.511	141
BX284601.5	14100000	14200000	26.597	88.6388779	0.37667	0.029604614440030146	37.667	142
BX284601.5	14200000	14300000	34.187	86.6629028	0.38865	0.02857266519822836	38.865	143
BX284601.5	14300000	14400000	38.836	51.2728195	0.38075	0.01009026143274724	38.074999999999996	144
BX284601.5	14400000	14500000	36.082	57.3414497	0.34268	0.013259592024851061	34.268	145
BX284601.5	14500000	14600000	36.184	49.3924217	0.3358	0.00910822725428227	33.58	146
BX284601.5	14600000	14700000	30.837	70.2223511	0.34855	0.019986618308458336	34.855000000000004	147
BX284601.5	14700000	14800000	24.82	94.7448578	0.35887	0.03279345084199793	35.887	148
BX284601.5	14800000	14900000	18.323	107.3351822	0.38672	0.03936872383942512	38.672000000000004	149
BX284601.5	14900000	15000000	18.416	115.2553635	0.36143	0.04350502347572502	36.143	150
BX284601.5	15000000	15072434	9.96769	1946.750732	0.397824	1	39.7824	151
BX284602.5	0	100000	16.755	115.746582	0.35461	0.04376156140407948	35.461	152
BX284602.5	100000	200000	19.689	137.6746216	0.36072	0.05521343842389591	36.071999999999996	153
BX284602.5	200000	300000	24.578	92.8492737	0.35682	0.03180348564721054	35.682	154
BX284602.5	300000	400000	15.372	144.1582031	0.34677	0.05859947654405495	34.677	155
BX284602.5	400000	500000	29.349	97.4313812	0.34357	0.03419648258349748	34.357	156
BX284602.5	500000	600000	24.495	113.987793	0.3489	0.04284303719036883	34.89	157
BX284602.5	600000	700000	35.358	79.1649933	0.37704	0.0246568962072004	37.704	158
BX284602.5	700000	800000	25.084	96.1545868	0.3575	0.03352967913389087	35.75	159
BX284602.5	800000	900000	17.214	112.7609634	0.38433	0.04220232776263364	38.433	160
BX284602.5	900000	1000000	20.093	116.1440125	0.37579	0.04396911872762263	37.579	161
BX284602.5	1000000	1100000	58.453	68.7850723	0.3751	0.019236002185857512	37.51	162
BX284602.5	1100000	1200000	26.743	107.8241425	0.35813	0.039624082427119955	35.813	163
BX284602.5	1200000	1300000	28.475	91.985527	0.36797	0.03135239557417583	36.797000000000004	164
BX284602.5	1300000	1400000	37.942	98.2488174	0.35092	0.03462338708589294	35.092	165
BX284602.5	1400000	1500000	30.171	80.1150589	0.37011	0.025153066161762046	37.011	166
BX284602.5	1500000	1600000	40.941	111.654808	0.35974	0.04162464020657844	35.974000000000004	167
BX284602.5	1600000	1700000	25.449	114.5308533	0.38719	0.04312664940027859	38.719	168
BX284602.5	1700000	1800000	20.057	103.7217484	0.3758	0.03748161490257113	37.580000000000005	169
BX284602.5	1800000	1900000	36.946	88.276123	0.35783	0.02941516638270651	35.783	170
BX284602.5	1900000	2000000	46.992	103.5080185	0.36623	0.03736999486836354	36.623	171
BX284602.5	2000000	2100000	40.974	118.579567	0.37095	0.045241082437915296	37.095	172
BX284602.5	2100000	2200000	38.386	81.8255692	0.35608	0.026046376916122844	35.608000000000004	173
BX284602.5	2200000	2300000	41.646	138.6820526	0.37691	0.05573956734961851	37.691	174
BX284602.5	2300000	2400000	30.884	70.5194778	0.35411	0.0201417921630196	35.411	175
BX284602.5	2400000	2500000	34.252	97.2702103	0.36073	0.03411231138718255	36.073	176
BX284602.5	2500000	2600000	38.631	63.1598511	0.37565	0.01629824110156687	37.565	177
BX284602.5	2600000	2700000	18.245	98.3636169	0.38425	0.03468334090665932	38.425	178
BX284602.5	2700000	2800000	23.935	121.2324829	0.39289	0.04662656272639104	39.289	179
BX284602.5	2800000	2900000	26.557	93.759491	0.37171	0.032278844902805345	37.171	180
BX284602.5	2900000	3000000	29.899	74.0528183	0.37579	0.02198707252611857	37.579	181
BX284602.5	3000000	3100000	33.519	105.435997	0.38351	0.038376877977004495	38.351	182
BX284602.5	3100000	3200000	28.165	61.9647484	0.3959	0.015674100987078454	39.589999999999996	183
BX284602.5	3200000	3300000	20.656	114.7879868	0.37352	0.04326093688212329	37.352000000000004	184
BX284602.5	3300000	3400000	20.866	107.0278168	0.3717	0.03920820284324145	37.169999999999995	185
BX284602.5	3400000	3500000	24.541	87.6610565	0.38487	0.029093949071651994	38.487	186
BX284602.5	3500000	3600000	24.671	74.0805206	0.37029	0.02200153999966172	37.029	187
BX284602.5	3600000	3700000	15.555	116.7940216	0.3775	0.04430858474513937	37.75	188
BX284602.5	3700000	3800000	10.139	90.8865509	0.38166	0.030778457393905598	38.166	189
BX284602.5	3800000	3900000	19.797	131.8439026	0.36335	0.052168356503982424	36.335	190
BX284602.5	3900000	4000000	21.76	82.3387909	0.37863	0.026314405973873228	37.863	191
BX284602.5	4000000	4100000	17.383	89.6714935	0.37192	0.030143895975254294	37.192	192
BX284602.5	4100000	4200000	16.119	121.1131134	0.3759	0.04656422223180725	37.59	193
BX284602.5	4200000	4300000	22.87	100.4970398	0.35911	0.03579751696287458	35.911	194
BX284602.5	4300000	4400000	19.523	88.4830933	0.34756	0.029523256228656734	34.756	195
BX284602.5	4400000	4500000	20.833	114.2318573	0.36055	0.04297049930734383	36.055	196
BX284602.5	4500000	4600000	16.117	102.3530197	0.34982	0.03676679893945635	34.982	197
BX284602.5	4600000	4700000	11.69	86.9546432	0.3548	0.028725026067848106	35.480000000000004	198
BX284602.5	4700000	4800000	8.229	121.8950272	0.36429	0.04697257522829205	36.429	199
BX284602.5	4800000	4900000	15.957	92.4888306	0.36138	0.0316152449230447	36.138	200
BX284602.5	4900000	5000000	12.617	94.1382904	0.36664	0.0324766721697709	36.664	201
BX284602.5	5000000	5100000	11.16	87.3015594	0.3607	0.028906202394188833	36.07	202
BX284602.5	5100000	5200000	7.888	84.0748901	0.34223	0.027221080482642435	34.223	203
BX284602.5	5200000	5300000	9.701	103.2552185	0.34935	0.03723797054866057	34.935	204
BX284602.5	5300000	5400000	6.897	102.9683075	0.35474	0.03708813182401541	35.474	205
BX284602.5	5400000	5500000	6.75	123.2873383	0.35454	0.04769970705500242	35.454	206
BX284602.5	5500000	5600000	9.674	93.8625717	0.35243	0.032332678602536385	35.243	207
BX284602.5	5600000	5700000	8.711	107.0537491	0.35955	0.03922174593764745	35.955	208
BX284602.5	5700000	5800000	8.846	118.4295197	0.35096	0.04516272052056654	35.096	209
BX284602.5	5800000	5900000	6.404	128.2666473	0.35411	0.05030014172001757	35.411	210
BX284602.5	5900000	6000000	6.929	113.0963135	0.34857	0.04237746371522391	34.857	211
BX284602.5	6000000	6100000	13.836	81.6268005	0.35457	0.02594257034019032	35.457	212
BX284602.5	6100000	6200000	9.828	111.7313309	0.35395	0.04166460414571688	35.394999999999996	213
BX284602.5	6200000	6300000	4.476	126.4799194	0.35162	0.049367026468863304	35.162	214
BX284602.5	6300000	6400000	4.49	114.4626312	0.35	0.043091020538169385	35	215
BX284602.5	6400000	6500000	9.91	104.4151077	0.35196	0.037843720479676435	35.196	216
BX284602.5	6500000	6600000	14.222	83.8019714	0.35312	0.027078549210088173	35.312	217
BX284602.5	6600000	6700000	4.716	121.5613098	0.35699	0.0467982919501748	35.699	218
BX284602.5	6700000	6800000	8.601	113.2354507	0.353	0.042450127853575874	35.3	219
BX284602.5	6800000	6900000	3.815	116.3939972	0.35629	0.0440996727622494	35.629	220
BX284602.5	6900000	7000000	16.161	105.3607712	0.34643	0.03833759144587669	34.643	221
BX284602.5	7000000	7100000	13.444	80.9543076	0.36286	0.02559136220084075	36.286	222
BX284602.5	7100000	7200000	7.222	112.776062	0.35463	0.04221021297779767	35.463	223
BX284602.5	7200000	7300000	4.639	96.7897873	0.34898	0.03386141138819261	34.898	224
BX284602.5	7300000	7400000	6.871	98.9693527	0.35116000000000003	0.03499968527736632	35.116	225
BX284602.5	7400000	7500000	11.842	81.8310318	0.35833	0.0260492297485944	35.833	226
BX284602.5	7500000	7600000	11.812	107.4076691	0.35844	0.039406579985231595	35.844	227
BX284602.5	7600000	7700000	5.208	127.5991211	0.36181	0.04995152743030673	36.181000000000004	228
BX284602.5	7700000	7800000	2.501	118.5860825	0.3574	0.04524448514541144	35.74	229
BX284602.5	7800000	7900000	6.18	124.0214081	0.35827	0.04808307361338648	35.827	230
BX284602.5	7900000	8000000	5.688	98.9112396	0.3352	0.03496933582130093	33.52	231
BX284602.5	8000000	8100000	5.91	112.3992996	0.35356	0.04201344953021202	35.356	232
BX284602.5	8100000	8200000	4.721	112.7071304	0.35674	0.04217421358066145	35.674	233
BX284602.5	8200000	8300000	13.283	85.9464874	0.36261	0.028198518616702552	36.260999999999996	234
BX284602.5	8300000	8400000	5.234	111.1444473	0.34564	0.041358105300642406	34.564	235
BX284602.5	8400000	8500000	5.318	117.3031769	0.35882	0.04457449013321555	35.882	236
BX284602.5	8500000	8600000	3.839	101.9399567	0.35025	0.03655107757248853	35.025	237
BX284602.5	8600000	8700000	4.277	111.8686295	0.35421	0.041736308078712	35.421	238
BX284602.5	8700000	8800000	2.784	112.1952972	0.35647	0.04190690966439805	35.647	239
BX284602.5	8800000	8900000	8.718	92.378479	0.35354	0.03155761400960271	35.354	240
BX284602.5	8900000	9000000	7.399	111.0609589	0.36464	0.04131450364236279	36.464	241
BX284602.5	9000000	9100000	5.075	132.8058167	0.36031	0.052670714315158004	36.031	242
BX284602.5	9100000	9200000	6.516	107.1286926	0.34726	0.03926088503813659	34.726	243
BX284602.5	9200000	9300000	4.887	119.0767593	0.35974	0.04550074017197009	35.974000000000004	244
BX284602.5	9300000	9400000	9.338	111.3197021	0.35195	0.04144963178697421	35.195	245
BX284602.5	9400000	9500000	8.153	80.5728378	0.34277	0.02539214032254872	34.277	246
BX284602.5	9500000	9600000	8.821	90.8090363	0.34573	0.030737975541326297	34.573	247
BX284602.5	9600000	9700000	15.268	141.4550629	0.3561	0.057187766710325806	35.61	248
BX284602.5	9700000	9800000	6.345	114.1266785	0.34745	0.042915569878873995	34.745	249
BX284602.5	9800000	9900000	2.675	74.6671371	0.34214	0.02230789935226865	34.214	250
BX284602.5	9900000	10000000	8.706	97.9796371	0.36341	0.034482808185636066	36.341	251
BX284602.5	10000000	10100000	9.402	139.9662628	0.36546	0.056410243686685776	36.546	252
BX284602.5	10100000	10200000	5.073	119.6669312	0.36776	0.04580895632547207	36.775999999999996	253
BX284602.5	10200000	10300000	9.571	105.1163406	0.35044	0.03820993802942262	35.044	254
BX284602.5	10300000	10400000	11.658	73.7974625	0.36449	0.021853713444721395	36.449	255
BX284602.5	10400000	10500000	6.725	123.032608	0.35247	0.04756667463979185	35.247	256
BX284602.5	10500000	10600000	9.328	116.4355011	0.36879	0.044121348095170765	36.879	257
BX284602.5	10600000	10700000	10.256	139.0349274	0.35579	0.055923855543488436	35.579	258
BX284602.5	10700000	10800000	13.798	119.4688568	0.36886	0.045705512346395444	36.886	259
BX284602.5	10800000	10900000	18.966	105.4820938	0.3549	0.038400951943224765	35.49	260
BX284602.5	10900000	11000000	11.002	117.4475937	0.36854	0.04464991153263675	36.854	261
BX284602.5	11000000	11100000	12.618	114.0172729	0.37659	0.0428584330121347	37.659	262
BX284602.5	11100000	11200000	17.61	110.3372421	0.35887	0.04093654391855897	35.887	263
BX284602.5	11200000	11300000	9.048	103.7183075	0.39245	0.03747981789908353	39.245000000000005	264
BX284602.5	11300000	11400000	8.616	106.3452301	0.36627	0.03885172323601919	36.626999999999995	265
BX284602.5	11400000	11500000	11.366	105.5935135	0.36641	0.03845914066986245	36.641	266
BX284602.5	11500000	11600000	19.343	96.2171326	0.37716	0.03356234355910953	37.716	267
BX284602.5	11600000	11700000	12.279	90.4123764	0.38446	0.03053082066216908	38.446000000000005	268
BX284602.5	11700000	11800000	10.826	100.2527084	0.38032	0.03566991535343205	38.032	269
BX284602.5	11800000	11900000	16.952	102.1928711	0.38236	0.036683161637374145	38.236	270
BX284602.5	11900000	12000000	21.471	103.4100494	0.36032	0.03731883069202093	36.032	271
BX284602.5	12000000	12100000	19.104	55.3938789	0.31896	0.012242476874758686	31.896	272
BX284602.5	12100000	12200000	27.792	62.4885712	0.33769	0.015947666449162713	33.769	273
BX284602.5	12200000	12300000	32.177	76.8468094	0.333	0.023446229069764252	33.300000000000004	274
BX284602.5	12300000	12400000	24.669	95.6628571	0.35165	0.03327287423230763	35.165	275
BX284602.5	12400000	12500000	18.573	110.7483215	0.37112	0.041151229354195455	37.112	276
BX284602.5	12500000	12600000	17.631	107.4491577	0.35058	0.039428247327757016	35.058	277
BX284602.5	12600000	12700000	28.678	84.8729935	0.36369	0.027637888466968463	36.369	278
BX284602.5	12700000	12800000	35.023	93.6420593	0.37016	0.03221751642058991	37.016	279
BX284602.5	12800000	12900000	26.724	48.7944984	0.37241	0.008795962946857234	37.241	280
BX284602.5	12900000	13000000	25.38	80.5337601	0.38189	0.025371732067967796	38.189	281
BX284602.5	13000000	13100000	25.649	99.968399	0.37945	0.03552143530944409	37.945	282
BX284602.5	13100000	13200000	34.365	97.6931686	0.37899	0.0343332005557752	37.899	283
BX284602.5	13200000	13300000	25.498	98.4742203	0.37662	0.03474110332217291	37.662	284
BX284602.5	13300000	13400000	44.296	77.6870422	0.34153	0.023885039053198245	34.153	285
BX284602.5	13400000	13500000	35.546	66.9816895	0.35451	0.01829418894482104	35.451	286
BX284602.5	13500000	13600000	29.779	81.090271	0.35754	0.025662368828172636	35.754000000000005	287
BX284602.5	13600000	13700000	38.432	84.1853714	0.37511	0.027278779131662993	37.511	288
BX284602.5	13700000	13800000	30.252	95.9036789	0.36797	0.03339864295981809	36.797000000000004	289
BX284602.5	13800000	13900000	29.024	88.1453323	0.35635	0.02934686118812196	35.635	290
BX284602.5	13900000	14000000	24.008	53.4693489	0.38748	0.011237394738690887	38.748	291
BX284602.5	14000000	14100000	28.965	83.0919495	0.38956	0.026707741621790293	38.956	292
BX284602.5	14100000	14200000	29.957	91.4885635	0.37596	0.031092857330486334	37.596000000000004	293
BX284602.5	14200000	14300000	36.47	81.6042786	0.36248	0.025930808320704882	36.248000000000005	294
BX284602.5	14300000	14400000	17.037	68.2819824	0.36845	0.018973264441407633	36.845	295
BX284602.5	14400000	14500000	17.348	114.6393585	0.35317	0.04318331603482856	35.317	296
BX284602.5	14500000	14600000	8.924	104.7814102	0.34521	0.03803502126435996	34.521	297
BX284602.5	14600000	14700000	11.993	151.3078003	0.37964	0.06233334009816965	37.964	298
BX284602.5	14700000	14800000	23.408	125.4150467	0.37961	0.048810898724449714	37.961	299
BX284602.5	14800000	14900000	28.971	135.6685028	0.35819	0.05416574669203942	35.819	300
BX284602.5	14900000	15000000	25.109	138.3295441	0.34644	0.05555547045522764	34.644000000000005	301
BX284602.5	15000000	15100000	33.639	69.9224319	0.34441	0.019829986076077583	34.441	302
BX284602.5	15100000	15200000	38.489	98.4143066	0.36737	0.034709813506178494	36.736999999999995	303
BX284602.5	15200000	15279421	35.7563	89.3990402	0.368051	0.03000160775696582	36.8051	304
BX284603.4	0	100000	34.83	115.1052322	0.36847	0.04342661768953585	36.847	305
BX284603.4	100000	200000	22.331	84.8806686	0.36512	0.02764189677336147	36.512	306
BX284603.4	200000	300000	45.689	85.040863	0.35678	0.02772555799440666	35.678	307
BX284603.4	300000	400000	40.383	106.0225067	0.35986	0.038683181553514336	35.986000000000004	308
BX284603.4	400000	500000	26.59	83.6690521	0.35287	0.02700913235819777	35.287	309
BX284603.4	500000	600000	23.755	123.3623734	0.36103	0.04773889399341754	36.103	310
BX284603.4	600000	700000	15.782	139.129425	0.36358	0.05597320673555158	36.358000000000004	311
BX284603.4	700000	800000	20.616	133.8388672	0.36649	0.053210222976080884	36.649	312
BX284603.4	800000	900000	15.04	114.3824692	0.36781	0.0430491560859699	36.781000000000006	313
BX284603.4	900000	1000000	37.006	75.4031067	0.3566	0.02269225807759325	35.66	314
BX284603.4	1000000	1100000	42.376	123.4740982	0.35826	0.04779724205795057	35.826	315
BX284603.4	1100000	1200000	53.651	99.3640366	0.36955	0.03520580819427776	36.955	316
BX284603.4	1200000	1300000	40.213	60.957119	0.35046	0.015147868447332792	35.046	317
BX284603.4	1300000	1400000	43.303	31.9519997	0.34043	0	34.043	318
BX284603.4	1400000	1500000	45.343	70.8127136	0.33781	0.02029493400244821	33.781	319
BX284603.4	1500000	1600000	58.544	86.510788	0.34652	0.02849322353293267	34.652	320
BX284603.4	1600000	1700000	41.309	90.1946182	0.34638	0.030417096855939876	34.638000000000005	321
BX284603.4	1700000	1800000	40.488	105.0552902	0.35002	0.03817805457401284	35.002	322
BX284603.4	1800000	1900000	51.342	68.3692474	0.35322	0.01901883842186206	35.321999999999996	323
BX284603.4	1900000	2000000	40.116	97.7178268	0.3676	0.03434607825387685	36.76	324
BX284603.4	2000000	2100000	41.52	80.526741	0.33632	0.02536806635632845	33.632	325
BX284603.4	2100000	2200000	47.037	107.4007263	0.35143	0.03940295412112228	35.143	326
BX284603.4	2200000	2300000	52.023	60.0927696	0.33611	0.014696463615368145	33.611000000000004	327
BX284603.4	2300000	2400000	44.736	69.6287689	0.33259	0.019676621132260604	33.259	328
BX284603.4	2400000	2500000	32.026	68.8670502	0.35541	0.019278814988381947	35.541	329
BX284603.4	2500000	2600000	22.243	78.8729019	0.34963	0.024504352028497527	34.963	330
BX284603.4	2600000	2700000	26.587	74.8444519	0.35776	0.022400501669686632	35.776	331
BX284603.4	2700000	2800000	36.624	79.3465729	0.34982	0.02475172580831565	34.982	332
BX284603.4	2800000	2900000	34.342	96.9062576	0.3432	0.03392223778108462	34.32	333
BX284603.4	2900000	3000000	30.704	98.4128265	0.36035	0.034709040526765544	36.035000000000004	334
BX284603.4	3000000	3100000	39.45	77.9836578	0.34882	0.024039945986755552	34.882000000000005	335
BX284603.4	3100000	3200000	35.16	91.9784088	0.34257	0.03134867810774976	34.257	336
BX284603.4	3200000	3300000	41.314	66.9440918	0.34555	0.01827455361742825	34.555	337
BX284603.4	3300000	3400000	29.272	74.0996094	0.35498	0.022011509089194733	35.498000000000005	338
BX284603.4	3400000	3500000	20.752	107.3614883	0.35906	0.03938246215017092	35.906	339
BX284603.4	3500000	3600000	16.69	104.8393478	0.35419	0.038065279065883785	35.419	340
BX284603.4	3600000	3700000	20.128	97.8965073	0.34314	0.03443939380552513	34.314	341
BX284603.4	3700000	3800000	14.164	118.8354721	0.36791	0.04537472839019385	36.791000000000004	342
BX284603.4	3800000	3900000	12.151	74.5036621	0.37242	0.0222225248441063	37.242	343
BX284603.4	3900000	4000000	13.65	110.1300812	0.35015	0.04082835453212087	35.015	344
BX284603.4	4000000	4100000	14.369	115.0603714	0.36059	0.043403189221967294	36.059000000000005	345
BX284603.4	4100000	4200000	9.584	112.1360931	0.35714	0.04187599043565546	35.714	346
BX284603.4	4200000	4300000	14.25	114.4250565	0.35307	0.0430713972224829	35.307	347
BX284603.4	4300000	4400000	11.452	115.5940094	0.34472	0.043681880653603566	34.472	348
BX284603.4	4400000	4500000	11.624	127.6063004	0.36805	0.04995527680609171	36.805	349
BX284603.4	4500000	4600000	6.928	117.4434128	0.36151	0.04464772806555508	36.150999999999996	350
BX284603.4	4600000	4700000	6.417	134.3747253	0.35664	0.05349007385072416	35.664	351
BX284603.4	4700000	4800000	8.304	114.7008591	0.3676	0.043215434606333016	36.76	352
BX284603.4	4800000	4900000	6.915	117.9917603	0.35025	0.044934101505619634	35.025	353
BX284603.4	4900000	5000000	5.853	108.2145081	0.35853	0.039827950120060775	35.853	354
BX284603.4	5000000	5100000	9.688	93.0236282	0.35263	0.03189454195357783	35.263	355
BX284603.4	5100000	5200000	6.741	122.6940994	0.36844	0.047389889166577444	36.844	356
BX284603.4	5200000	5300000	9.625	108.879158	0.34797	0.04017506226756133	34.797	357
BX284603.4	5300000	5400000	8.196	71.387291	0.35413	0.02059500595795334	35.413	358
BX284603.4	5400000	5500000	10.811	141.7236023	0.36302	0.05732801090177535	36.302	359
BX284603.4	5500000	5600000	4.404	145.5275116	0.37384	0.059314595306618166	37.384	360
BX284603.4	5600000	5700000	7.178	119.4325714	0.36547	0.04568656236518441	36.547000000000004	361
BX284603.4	5700000	5800000	10.638	93.6216125	0.36031	0.032206838118136974	36.031	362
BX284603.4	5800000	5900000	6.102	124.6303482	0.36291	0.04840109142368059	36.291000000000004	363
BX284603.4	5900000	6000000	8.241	126.5337372	0.36036	0.04939513271266437	36.036	364
BX284603.4	6000000	6100000	6.515	107.8937302	0.36036	0.03966042447123464	36.036	365
BX284603.4	6100000	6200000	8.372	114.6839981	0.3559	0.04320662898111738	35.589999999999996	366
BX284603.4	6200000	6300000	2.732	119.4622192	0.35567	0.04570204587240629	35.567	367
BX284603.4	6300000	6400000	4.115	140.0198517	0.36842	0.056438230387896735	36.842000000000006	368
BX284603.4	6400000	6500000	3.559	134.7714233	0.36259	0.05369724862753399	36.259	369
BX284603.4	6500000	6600000	19.006	68.7470474	0.35653	0.019216143754076372	35.653	370
BX284603.4	6600000	6700000	15.15	106.682518	0.3443	0.039027871200977816	34.43	371
BX284603.4	6700000	6800000	5.182	120.4575119	0.38704	0.046221835594015555	38.704	372
BX284603.4	6800000	6900000	4.355	95.2341919	0.35696	0.03304900464603258	35.696	373
BX284603.4	6900000	7000000	11.46	96.4120865	0.36438	0.033664157862989826	36.437999999999995	374
BX284603.4	7000000	7100000	5.045	112.9526367	0.35075	0.042302428779396786	35.075	375
BX284603.4	7100000	7200000	7.926	102.6881409	0.34926	0.0369418153494565	34.926	376
BX284603.4	7200000	7300000	6.519	122.23246	0.34794	0.04714879886700038	34.794000000000004	377
BX284603.4	7300000	7400000	10.55	94.551033	0.35425	0.032692226208447445	35.425000000000004	378
BX284603.4	7400000	7500000	50.677	38.7916298	0.36434	0.0035719838250490386	36.434	379
BX284603.4	7500000	7600000	10.293	77.314743000000007	0.35102	0.023690606503332916	35.102	380
BX284603.4	7600000	7700000	13.542	85.7041321	0.36576	0.02807194902173061	36.576	381
BX284603.4	7700000	7800000	9.92	117.5777512	0.36033	0.04471788603972432	36.033	382
BX284603.4	7800000	7900000	7.468	123.2927017	0.34805	0.04770250808046245	34.805	383
BX284603.4	7900000	8000000	7.226	125.3210373	0.35288	0.04876180249390904	35.288000000000004	384
BX284603.4	8000000	8100000	7.267	105.7712097	0.34414	0.038551942172705814	34.414	385
BX284603.4	8100000	8200000	8.332	114.2946014	0.35853	0.04300326729436074	35.853	386
BX284603.4	8200000	8300000	5.855	95.4976273	0.35588	0.03318658328317925	35.587999999999994	387
BX284603.4	8300000	8400000	11.262	128.3828583	0.35332	0.05036083269397724	35.332	388
BX284603.4	8400000	8500000	12.25	94.3969803	0.35501	0.03261177247855858	35.501	389
BX284603.4	8500000	8600000	8.265	108.8249664	0.34905	0.04014676080742045	34.905	390
BX284603.4	8600000	8700000	10.065	123.4026184	0.34971	0.0477599118682057	34.971000000000004	391
BX284603.4	8700000	8800000	10.264	118.4112167	0.34382	0.045153161813590574	34.382000000000005	392
BX284603.4	8800000	8900000	10.351	122.0003281	0.36094	0.04702756842325491	36.094	393
BX284603.4	8900000	9000000	10.31	113.6970673	0.35765	0.04269120624589626	35.765	394
BX284603.4	9000000	9100000	10.562	108.1628265	0.35988	0.03980095950265111	35.988	395
BX284603.4	9100000	9200000	7.866	118.2525787	0.35939	0.04507031341948837	35.939	396
BX284603.4	9200000	9300000	9.552	115.9631119	0.35011	0.04387464373296734	35.010999999999996	397
BX284603.4	9300000	9400000	9.749	109.5884781	0.3604	0.04054550334214257	36.04	398
BX284603.4	9400000	9500000	17.251	104.0602112	0.35687	0.03765837645682256	35.687000000000005	399
BX284603.4	9500000	9600000	16.421	107.2031326	0.34627	0.03929976118670736	34.627	400
BX284603.4	9600000	9700000	13.948	111.9236832	0.35959	0.041765059768939974	35.959	401
BX284603.4	9700000	9800000	10.627	126.9367599	0.36033	0.049605610552032844	36.033	402
BX284603.4	9800000	9900000	12.685	129.1430054	0.34887	0.05075781807274178	34.887	403
BX284603.4	9900000	10000000	13.443	126.5809631	0.35255	0.04941979634921445	35.254999999999995	404
BX284603.4	10000000	10100000	12.762	101.0012207	0.34968	0.03606082448000167	34.967999999999996	405
BX284603.4	10100000	10200000	18.342	88.2554932	0.35555	0.029404392508851258	35.555	406
BX284603.4	10200000	10300000	13.792	95.4835815	0.3649	0.03317924789081499	36.49	407
BX284603.4	10300000	10400000	12.113	117.9932709	0.36962	0.04493489041359963	36.962	408
BX284603.4	10400000	10500000	13.797	102.3531799	0.36264	0.03676688260360198	36.264	409
BX284603.4	10500000	10600000	20.271	105.2925873	0.36322	0.0383019825336449	36.321999999999996	410
BX284603.4	10600000	10700000	19.434	76.6421738	0.34609	0.023339358516453305	34.609	411
BX284603.4	10700000	10800000	14.237	93.8049698	0.35388	0.03230259611969976	35.388	412
BX284603.4	10800000	10900000	17.491	87.1929398	0.34486	0.02884947601445621	34.486	413
BX284603.4	10900000	11000000	19.678	114.646698	0.37562	0.04318714907475918	37.562	414
BX284603.4	11000000	11100000	19.657	106.5043793	0.35254	0.03893483860335016	35.254000000000005	415
BX284603.4	11100000	11200000	35.243	55.5620384	0.35228	0.01233029785414591	35.228	416
BX284603.4	11200000	11300000	21.369	99.2677612	0.34983	0.03515552854954227	34.983	417
BX284603.4	11300000	11400000	30.789	98.7629471	0.35424	0.034891890344918214	35.424	418
BX284603.4	11400000	11500000	34.352	87.3302689	0.37284	0.028921195876018387	37.284	419
BX284603.4	11500000	11600000	29.917	57.2418213	0.368	0.01320756128223597	36.8	420
BX284603.4	11600000	11700000	33.033	67.6744003	0.34813	0.018655955844033435	34.813	421
BX284603.4	11700000	11800000	36.157	89.7628784	0.35875	0.03019162156565629	35.875	422
BX284603.4	11800000	11900000	40.861	85.0547409	0.37534	0.027732805701314908	37.534	423
BX284603.4	11900000	12000000	42.799	73.8090134	0.35797	0.021859745880300735	35.797000000000004	424
BX284603.4	12000000	12100000	47.147	76.2272415	0.36186	0.02312266091111199	36.186	425
BX284603.4	12100000	12200000	41.712	89.1626511	0.35101	0.02987815399860864	35.101	426
BX284603.4	12200000	12300000	44.137	68.1715088	0.36295	0.018915569813697436	36.295	427
BX284603.4	12300000	12400000	44.31	57.4814415	0.36687	0.013332702476429358	36.687	428
BX284603.4	12400000	12500000	43.465	74.6432571	0.35819	0.022295428067638477	35.819	429
BX284603.4	12500000	12600000	48.42	44.8625793	0.35204	0.006742525667171396	35.204	430
BX284603.4	12600000	12700000	47.035	56.6552696	0.34442	0.012901235771305926	34.442	431
BX284603.4	12700000	12800000	43.17	61.8654709	0.35832	0.015622253501321686	35.832	432
BX284603.4	12800000	12900000	40.17	83.0382614	0.3617	0.026679703113567804	36.17	433
BX284603.4	12900000	13000000	40.716	86.8526917	0.3636	0.02867178209067169	36.36	434
BX284603.4	13000000	13100000	31.264	57.9989891	0.35299	0.013602990727235925	35.299	435
BX284603.4	13100000	13200000	39.27	62.4472389	0.3232	0.01592608073401533	32.32	436
BX284603.4	13200000	13300000	31.42	103.8112717	0.36835	0.03752836827591	36.835	437
BX284603.4	13300000	13400000	23.125	122.2431107	0.35401	0.047154361174840016	35.400999999999996	438
BX284603.4	13400000	13500000	18.857	136.8928375	0.35123	0.0548051531629897	35.123	439
BX284603.4	13500000	13600000	12.399	72.7362137	0.3764	0.021299478275197722	37.64	440
BX284603.4	13600000	13700000	17.238	116.0689087	0.37908	0.043929895910763024	37.907999999999994	441
BX284603.4	13700000	13783801	23.026	107.8257294	0.377478	0.03962491118262999	37.7478	442
BX284604.4	0	100000	19.889	127.6651077	0.34712	0.04998598880678818	34.711999999999996	443
BX284604.4	100000	200000	19.544	84.1365433	0.37007	0.02725327874920695	37.007	444
BX284604.4	200000	300000	25.179	107.4218903	0.35185	0.039414006979912604	35.185	445
BX284604.4	300000	400000	19.075	103.9392166	0.36353	0.037595187256851306	36.353	446
BX284604.4	400000	500000	26.567	116.61689	0.35357	0.04421607810357333	35.357	447
BX284604.4	500000	600000	28.288	126.8009567	0.37406	0.04953468758884659	37.406	448
BX284604.4	600000	700000	17.597	123.5731812	0.37465	0.047848987966451866	37.464999999999996	449
BX284604.4	700000	800000	31.761	136.927887	0.36058	0.054823457697773824	36.058	450
BX284604.4	800000	900000	31.566	129.2003632	0.34645	0.050787773074817175	34.644999999999996	451
BX284604.4	900000	1000000	33.751	106.8564224	0.35153	0.03911869244347525	35.153	452
BX284604.4	1000000	1100000	34.74	108.5136108	0.35806	0.039984155936867806	35.806	453
BX284604.4	1100000	1200000	35.369	121.1785431	0.34892	0.04659839276832176	34.892	454
BX284604.4	1200000	1300000	33.675	101.3739777	0.3636	0.03625549611504722	36.36	455
BX284604.4	1300000	1400000	32.739	122.4193192	0.35337	0.047246385729184874	35.337	456
BX284604.4	1400000	1500000	36.215	97.7979431	0.35449	0.03438791883933816	35.449000000000005	457
BX284604.4	1500000	1600000	29.9	94.5563431	0.36997	0.032694999398083735	36.997	458
BX284604.4	1600000	1700000	31.814	64.9606018	0.33939	0.0172386797333791	33.939	459
BX284604.4	1700000	1800000	38.009	47.3843384	0.37264	0.00805950956603315	37.264	460
BX284604.4	1800000	1900000	30.071	75.320488	0.36451	0.02264911061848628	36.451	461
BX284604.4	1900000	2000000	39.668	56.7571106	0.37727	0.012954422040067276	37.727	462
BX284604.4	2000000	2100000	38.174	57.8182716	0.34493	0.013508611356207761	34.493	463
BX284604.4	2100000	2200000	36.737	70.3885498	0.33874	0.02007341526377091	33.873999999999995	464
BX284604.4	2200000	2300000	33.549	83.4589081	0.35216	0.026899385053452282	35.215999999999994	465
BX284604.4	2300000	2400000	47.541	73.392807	0.34954	0.021642382878655095	34.954	466
BX284604.4	2400000	2500000	35.301	85.2495193	0.36651	0.027834528350653642	36.651	467
BX284604.4	2500000	2600000	36.319	68.2708206	0.33888	0.018967435212564034	33.888	468
BX284604.4	2600000	2700000	33.676	85.0189896	0.35131	0.02771413465281413	35.131	469
BX284604.4	2700000	2800000	35.142	74.6853638	0.34751	0.022317418211714575	34.751	470
BX284604.4	2800000	2900000	29.694	56.204319	0.36648	0.012665727677221107	36.647999999999996	471
BX284604.4	2900000	3000000	30.498	85.4575729	0.37181	0.0279431839479707	37.181	472
BX284604.4	3000000	3100000	27.85	71.6290283	0.3712	0.020721252803599426	37.12	473
BX284604.4	3100000	3200000	37.966	56.4382286	0.35425	0.012787886521414115	35.425000000000004	474
BX284604.4	3200000	3300000	33.948	56.4247398	0.38379	0.012780842021241608	38.379000000000005	475
BX284604.4	3300000	3400000	24.702	87.9629211	0.37399	0.029251597285486673	37.399	476
BX284604.4	3400000	3500000	30.758	97.8247986	0.35752	0.034401944073190145	35.752	477
BX284604.4	3500000	3600000	25.707	75.071701	0.35699	0.022519182080408987	35.699	478
BX284604.4	3600000	3700000	22.032	96.8788528	0.36204	0.03390792567635126	36.204	479
BX284604.4	3700000	3800000	19.824	92.9511337	0.35743	0.0318566818386858	35.743	480
BX284604.4	3800000	3900000	16.908	120.9867096	0.36802	0.046498208087412986	36.802	481
BX284604.4	3900000	4000000	26.048	85.3850479	0.37298	0.027905307904511612	37.297999999999995	482
BX284604.4	4000000	4100000	21.061	105.3116074	0.38487	0.03831191574473344	38.487	483
BX284604.4	4100000	4200000	32.236	96.8403091	0.375	0.03388779630225578	37.5	484
BX284604.4	4200000	4300000	19.332	109.1679916	0.38021	0.04032590506640372	38.021	485
BX284604.4	4300000	4400000	22.838	91.4348068	0.37993	0.031064782996044187	37.993	486
BX284604.4	4400000	4500000	17.734	68.334137	0.37023	0.019000502082168625	37.023	487
BX284604.4	4500000	4600000	19.456	115.7982025	0.37584	0.04378852011213022	37.584	488
BX284604.4	4600000	4700000	14.836	108.9577484	0.373	0.04021610595464671	37.3	489
BX284604.4	4700000	4800000	15.854	114.0663376	0.36892	0.04288405695849123	36.892	490
BX284604.4	4800000	4900000	12.625	92.8336105	0.32149	0.031795305570769206	32.149	491
BX284604.4	4900000	5000000	12.878	94.6647568	0.3338	0.032751618246932554	33.379999999999995	492
BX284604.4	5000000	5100000	8.75	109.9069138	0.34814	0.04071180578146866	34.814	493
BX284604.4	5100000	5200000	8.798	110.6957397	0.32557	0.041123768609046096	32.557	494
BX284604.4	5200000	5300000	9.662	87.95121	0.3423	0.029245481185761698	34.23	495
BX284604.4	5300000	5400000	11.841	111.5133133	0.34592	0.04155074486833051	34.592	496
BX284604.4	5400000	5500000	9.459	78.4672775	0.33932	0.02429251545624704	33.932	497
BX284604.4	5500000	5600000	9.871	102.8394012	0.33177	0.037020810753750674	33.177	498
BX284604.4	5600000	5700000	10.786	94.6520615	0.34035	0.03274498815062747	34.035	499
BX284604.4	5700000	5800000	10.84	95.9127121	0.32815	0.03340336053135583	32.815	500
BX284604.4	5800000	5900000	7.25	105.7347488	0.3255	0.03853290053695321	32.550000000000004	501
BX284604.4	5900000	6000000	4.987	96.8608322	0.35189	0.03389851445223876	35.189	502
BX284604.4	6000000	6100000	7.86	89.0545425	0.3339	0.02982169448765516	33.39	503
BX284604.4	6100000	6200000	8.449	104.2252884	0.33061	0.03774458771089087	33.061	504
BX284604.4	6200000	6300000	7.548	85.569397	0.33156	0.028001583871740062	33.156	505
BX284604.4	6300000	6400000	20.594	70.6092987	0.35531	0.020188700957393044	35.531	506
BX284604.4	6400000	6500000	10.281	107.5549927	0.32374000000000003	0.03948351945543013	32.374	507
BX284604.4	6500000	6600000	8.913	88.4479828	0.33761	0.029504919836738502	33.761	508
BX284604.4	6600000	6700000	6.897	45.4682388	0.32394	0.007058830190348358	32.394	509
BX284604.4	6700000	6800000	9.525	62.9762192	0.32488	0.016202339690675804	32.488	510
BX284604.4	6800000	6900000	11.834	86.1145782	0.33048	0.0282863037176453	33.048	511
BX284604.4	6900000	7000000	9.386	80.3185806	0.34555	0.025259354982914307	34.555	512
BX284604.4	7000000	7100000	9.732	84.5859985	0.34605	0.027488005873482893	34.605000000000004	513
BX284604.4	7100000	7200000	8.59	96.3866272	0.35743	0.03365086179193519	35.743	514
BX284604.4	7200000	7300000	9.106	91.6719971	0.3423	0.031188655179579156	34.23	515
BX284604.4	7300000	7400000	8.717	99.9983978	0.34874	0.0355371021257491	34.874	516
BX284604.4	7400000	7500000	5.559	115.7435379	0.35345	0.043759971628638	35.345	517
BX284604.4	7500000	7600000	10.799	109.5137711	0.35983	0.04050648775332908	35.983	518
BX284604.4	7600000	7700000	10.286	102.1378937	0.35628	0.03665444979467621	35.628	519
BX284604.4	7700000	7800000	8.616	105.2551575	0.3509	0.03828243489170812	35.089999999999996	520
BX284604.4	7800000	7900000	10.184	116.5279617	0.33218	0.044169635467854025	33.217999999999996	521
BX284604.4	7900000	8000000	10.723	96.5525589	0.35294	0.033737519307005026	35.294	522
BX284604.4	8000000	8100000	11.818	86.1506195	0.34651	0.028305126218095108	34.650999999999996	523
BX284604.4	8100000	8200000	8.106	98.4230118	0.34389	0.034714359780339404	34.388999999999996	524
BX284604.4	8200000	8300000	9.232	90.4029922	0.35446	0.030525919781548207	35.446	525
BX284604.4	8300000	8400000	8.505	87.4449997	0.35277	0.028981113818340287	35.276999999999994	526
BX284604.4	8400000	8500000	18.228	72.0648804	0.34929	0.020948875734745024	34.929	527
BX284604.4	8500000	8600000	5.777	86.3685379	0.33596	0.02841893368846994	33.596	528
BX284604.4	8600000	8700000	8.704	108.4799728	0.33686	0.039966588555276954	33.686	529
BX284604.4	8700000	8800000	5.573	92.5640869	0.33461	0.03165454738273957	33.461	530
BX284604.4	8800000	8900000	6.271	96.0477066	0.35536	0.03347386115250354	35.536	531
BX284604.4	8900000	9000000	12.994	102.435997	0.33825	0.03681013367673201	33.825	532
BX284604.4	9000000	9100000	17.525	69.5467911	0.33704	0.019633808381960976	33.704	533
BX284604.4	9100000	9200000	6.284	106.4933777	0.3347	0.038929093038652204	33.47	534
BX284604.4	9200000	9300000	13.11	93.1061172	0.34198	0.031937621677106225	34.198	535
BX284604.4	9300000	9400000	8.025	98.7283707	0.34664	0.03487383288571023	34.664	536
BX284604.4	9400000	9500000	11.894	83.7866211	0.33349	0.02707053254507735	33.349000000000004	537
BX284604.4	9500000	9600000	9.619	92.7694778	0.349	0.03176181239004051	34.9	538
BX284604.4	9600000	9700000	7.528	98.5637817	0.33905	0.03478787659316438	33.905	539
BX284604.4	9700000	9800000	9.465	101.2881012	0.34084	0.036210647276079776	34.083999999999996	540
BX284604.4	9800000	9900000	11.878	85.3855133	0.35771	0.027905550958777392	35.771	541
BX284604.4	9900000	10000000	3.71	121.1486435	0.35891	0.04658277775902829	35.891	542
BX284604.4	10000000	10100000	9.637	118.6203995	0.35754	0.04526240713346225	35.754000000000005	543
BX284604.4	10100000	10200000	8.203	99.7507477	0.35398	0.03540776733153679	35.398	544
BX284604.4	10200000	10300000	8.46	114.4262619	0.35135	0.04307202674034275	35.135	545
BX284604.4	10300000	10400000	8.336	116.6719131	0.35851	0.04424481381300944	35.851	546
BX284604.4	10400000	10500000	7.005	103.5830994	0.33943	0.03740920572574164	33.943	547
BX284604.4	10500000	10600000	6.255	124.0388565	0.34129	0.04809218600713609	34.129	548
BX284604.4	10600000	10700000	4.799	122.1957169	0.35379	0.047129609852833924	35.379	549
BX284604.4	10700000	10800000	5.635	107.1554718	0.34863	0.039274870424458555	34.863	550
BX284604.4	10800000	10900000	8.452	119.2874069	0.35158	0.045610750480858775	35.158	551
BX284604.4	10900000	11000000	8.518	78.317688	0.35505	0.024214392624078512	35.504999999999995	552
BX284604.4	11000000	11100000	13.003	80.0649567	0.34886	0.025126900383001676	34.886	553
BX284604.4	11100000	11200000	14.072	101.5961533	0.3576	0.036371526900033764	35.76	554
BX284604.4	11200000	11300000	13.266	104.4728088	0.34123	0.03787385476952459	34.123	555
BX284604.4	11300000	11400000	13.713	89.188118	0.35767	0.029891454038748846	35.766999999999996	556
BX284604.4	11400000	11500000	13.3	114.9197693	0.35972	0.043329760042373516	35.972	557
BX284604.4	11500000	11600000	8.412	113.1135178	0.35752	0.0423864486282123	35.752	558
BX284604.4	11600000	11700000	10.261	100.4688263	0.35465	0.035782782516102674	35.465	559
BX284604.4	11700000	11800000	6.794	139.9194794	0.35493	0.05638581114491999	35.493	560
BX284604.4	11800000	11900000	13.973	121.3007278	0.36329	0.046662203495756935	36.329	561
BX284604.4	11900000	12000000	4.884	119.4631424	0.36804	0.04570252801185228	36.803999999999995	562
BX284604.4	12000000	12100000	12.993	93.5958633	0.35767	0.03219339064735812	35.766999999999996	563
BX284604.4	12100000	12200000	12.288	86.7717896	0.35192	0.028629531122653335	35.192	564
BX284604.4	12200000	12300000	14.466	85.9474106	0.34494	0.028199000756148555	34.494	565
BX284604.4	12300000	12400000	17.077	110.6388016	0.36135	0.04109403279449831	36.135	566
BX284604.4	12400000	12500000	11.82	108.7147064	0.36851	0.04008917773190443	36.851	567
BX284604.4	12500000	12600000	12.093	126.9667664	0.36232	0.04962128138964822	36.232	568
BX284604.4	12600000	12700000	16.778	58.1182518	0.33579	0.013665275445722628	33.579	569
BX284604.4	12700000	12800000	13.291	85.1530838	0.36559	0.027784165093997334	36.559000000000005	570
BX284604.4	12800000	12900000	15.306	88.7783279	0.34714	0.02967744193758781	34.714	571
BX284604.4	12900000	13000000	8.827	75.0214386	0.35248	0.022492932637502978	35.248000000000005	572
BX284604.4	13000000	13100000	15.775	115.6230698	0.38066	0.04369705739229144	38.066	573
BX284604.4	13100000	13200000	20.723	99.7329483	0.34959	0.035398471628704034	34.959	574
BX284604.4	13200000	13300000	26.723	97.4620285	0.34166	0.03421248807769539	34.166000000000004	575
BX284604.4	13300000	13400000	23.426	55.7240791	0.36105	0.012414923301858298	36.105	576
BX284604.4	13400000	13500000	37.063	59.2879906	0.35202	0.014276169311625151	35.202	577
BX284604.4	13500000	13600000	26.18	100.5791626	0.34716	0.03584040543914872	34.716	578
BX284604.4	13600000	13700000	12.652	82.8200912	0.33218	0.026565764141121367	33.217999999999996	579
BX284604.4	13700000	13800000	15.757	92.194198600000007	0.32878	0.03146137392081874	32.878	580
BX284604.4	13800000	13900000	23.193	76.3700409	0.33169	0.0231972376264561	33.169	581
BX284604.4	13900000	14000000	21.314	90.4992218	0.31349	0.030576175507320707	31.349	582
BX284604.4	14000000	14100000	14.377	91.5332565	0.33634	0.03111619816482369	33.634	583
BX284604.4	14100000	14200000	15.581	74.1764679	0.32296	0.022051648294795567	32.296	584
BX284604.4	14200000	14300000	12.222	79.8801498	0.34026	0.025030385330593003	34.026	585
BX284604.4	14300000	14400000	9.228	106.1937714	0.31852	0.038772624217701966	31.852000000000004	586
BX284604.4	14400000	14500000	13.372	93.0373688	0.32163	0.03190171795582194	32.163000000000004	587
BX284604.4	14500000	14600000	8.229	104.7814636	0.31745	0.038035049152408504	31.745	588
BX284604.4	14600000	14700000	8.329	112.9167404	0.31409	0.04228368200492149	31.409	589
BX284604.4	14700000	14800000	13.206	70.6203537	0.33455	0.020194474410139548	33.455	590
BX284604.4	14800000	14900000	7.219	113.8724823	0.31825	0.04278281639637369	31.825	591
BX284604.4	14900000	15000000	8.662	78.563118	0.30622	0.0243425679752838	30.622	592
BX284604.4	15000000	15100000	22.532	74.5702591	0.34422	0.02225730500082805	34.422000000000004	593
BX284604.4	15100000	15200000	17.948	69.8273468	0.32397	0.019780328063255633	32.397	594
BX284604.4	15200000	15300000	8.403	75.2851028	0.30955	0.02263063076501495	30.955	595
BX284604.4	15300000	15400000	13.881	91.3874207	0.30464	0.031040035695348474	30.464000000000002	596
BX284604.4	15400000	15500000	18.203	58.3298416	0.30727	0.013775777816771225	30.727	597
BX284604.4	15500000	15600000	16.246	98.3204575	0.32756	0.03466080099200826	32.756	598
BX284604.4	15600000	15700000	13.317	71.0895767	0.30844	0.020439525230408463	30.843999999999998	599
BX284604.4	15700000	15800000	18.907	63.3076401	0.31029	0.016375423626031196	31.029	600
BX284604.4	15800000	15900000	10.896	72.3551483	0.31356	0.021100467594037373	31.356	601
BX284604.4	15900000	16000000	9.486	77.263443	0.32337	0.023663815175798252	32.336999999999996	602
BX284604.4	16000000	16100000	11.802	106.6537933	0.29874	0.039012869780977136	29.874000000000002	603
BX284604.4	16100000	16200000	8.852	101.6924973	0.3044	0.036421842370988916	30.44	604
BX284604.4	16200000	16300000	17.631	75.68013	0.33062	0.022836932969699148	33.062000000000005	605
BX284604.4	16300000	16400000	14.553	74.0555573	0.34077	0.02198850296366472	34.077	606
BX284604.4	16400000	16500000	27.232	89.8597412	0.33489	0.030242207978925767	33.489000000000004	607
BX284604.4	16500000	16600000	23.077	65.6066818	0.31048	0.01757609378588578	31.048	608
BX284604.4	16600000	16700000	19.029	85.6975021	0.32532	0.028068486516827005	32.532	609
BX284604.4	16700000	16800000	17.069	68.7631989	0.32283	0.01922457884426499	32.283	610
BX284604.4	16800000	16900000	25.092	79.7708282	0.32156	0.024973292332694113	32.156	611
BX284604.4	16900000	17000000	22.069	73.0691376	0.33331	0.02147334714944756	33.331	612
BX284604.4	17000000	17100000	19.629	103.7572174	0.31355	0.03750013852043326	31.355	613
BX284604.4	17100000	17200000	19.292	91.9884567	0.3545	0.03135392560443466	35.449999999999996	614
BX284604.4	17200000	17300000	7.173	148.2210541	0.34967	0.060721292759757066	34.967	615
BX284604.4	17300000	17400000	9.267	147.5770264	0.351	0.0603849505170262	35.099999999999994	616
BX284604.4	17400000	17493829	6.91471	116.6763992	0.334417	0.04424715667021126	33.441700000000004	617
BX284605.5	0	100000	34.444	123.1228638	0.34874	0.04761381055986403	34.874	618
BX284605.5	100000	200000	26	119.4283218	0.35466	0.04568434301965827	35.465999999999994	619
BX284605.5	200000	300000	29.302	114.7988434	0.34891	0.043266606720846736	34.891	620
BX284605.5	300000	400000	22.411	129.0507355	0.37239	0.050709630292771216	37.239	621
BX284605.5	400000	500000	17.888	138.0674591	0.36654	0.05541859706191535	36.653999999999996	622
BX284605.5	500000	600000	16.253	130.5114136	0.35525	0.05147246665534049	35.525	623
BX284605.5	600000	700000	17.524	103.9334412	0.35692	0.03759217106517405	35.692	624
BX284605.5	700000	800000	30.235	115.1023331	0.36488	0.04342510364006887	36.488	625
BX284605.5	800000	900000	22.841	97.306930500000007	0.36417	0.03413148844186751	36.417	626
BX284605.5	900000	1000000	44.128	46.5658989	0.33892	0.007632081092118865	33.892	627
BX284605.5	1000000	1100000	33.997	88.711937	0.36075	0.029642769416199494	36.075	628
BX284605.5	1100000	1200000	43.922	66.4415207	0.36441	0.018012086815292695	36.441	629
BX284605.5	1200000	1300000	38.553	57.7204094	0.37356	0.013457503008187053	37.356	630
BX284605.5	1300000	1400000	34.773	103.7810669	0.36208	0.03751259387649637	36.208	631
BX284605.5	1400000	1500000	29.486	108.6677322	0.36306	0.04006464554520115	36.306	632
BX284605.5	1500000	1600000	21.113	104.47892	0.35737	0.03787704633211387	35.737	633
BX284605.5	1600000	1700000	22.903	88.1707382	0.34832	0.029360129371128058	34.832	634
BX284605.5	1700000	1800000	30.659	76.3623581	0.34256	0.02319322529875272	34.256	635
BX284605.5	1800000	1900000	43.978	76.0036163	0.37578	0.02300587307527956	37.578	636
BX284605.5	1900000	2000000	28.529	77.4722214	0.35296	0.023772849298538255	35.296	637
BX284605.5	2000000	2100000	30.853	81.1164398	0.37077	0.02567603543425429	37.077	638
BX284605.5	2100000	2200000	28.272	125.4252777	0.362	0.04881624184476174	36.199999999999996	639
BX284605.5	2200000	2300000	21.025	103.495842	0.36345	0.037363635714372775	36.345	640
BX284605.5	2300000	2400000	34.309	83.0386276	0.3722	0.02667989436082206	37.22	641
BX284605.5	2400000	2500000	48.682	95.4261017	0.37573	0.0331492291744714	37.573	642
BX284605.5	2500000	2600000	40.879	88.6317215	0.36575	0.029600877023726654	36.575	643
BX284605.5	2600000	2700000	42.078	85.4196167	0.38229	0.02792336139463403	38.229	644
BX284605.5	2700000	2800000	23.098	114.3568192	0.37776	0.04303576042220258	37.775999999999996	645
BX284605.5	2800000	2900000	21.832	111.5630569	0.35646	0.041576723368922194	35.646	646
BX284605.5	2900000	3000000	14.966	90.1651382	0.34017	0.030401700981949203	34.016999999999996	647
BX284605.5	3000000	3100000	24.955	63.7032318	0.34943	0.016582020639767894	34.943000000000005	648
BX284605.5	3100000	3200000	16.813	62.6323395	0.36273	0.016022749170691	36.272999999999996	649
BX284605.5	3200000	3300000	25.575	115.3202667	0.35978	0.04353891904861483	35.978	650
BX284605.5	3300000	3400000	27.731	111.7388687	0.36051	0.04166854074744574	36.051	651
BX284605.5	3400000	3500000	26.517	92.3703232	0.34896	0.03155335465854799	34.896	652
BX284605.5	3500000	3600000	26.976	73.6191483	0.36605	0.021760589192552186	36.605	653
BX284605.5	3600000	3700000	27.374	96.6351471	0.34987	0.033780650837544945	34.987	654
BX284605.5	3700000	3800000	38.95	102.4546432	0.38205	0.03681987161925593	38.205	655
BX284605.5	3800000	3900000	14.35	104.985878	0.35407	0.038141804184439715	35.407	656
BX284605.5	3900000	4000000	22.947	87.1602097	0.34647	0.02883238278191542	34.647	657
BX284605.5	4000000	4100000	26.42	88.2303619	0.33786	0.029391267735173445	33.786	658
BX284605.5	4100000	4200000	36.734	57.4404907	0.3689	0.013311315998932156	36.89	659
BX284605.5	4200000	4300000	28.531	93.4253998	0.33645	0.03210436640834828	33.645	660
BX284605.5	4300000	4400000	23.958	68.7044296	0.36915	0.01919388668899632	36.915	661
BX284605.5	4400000	4500000	27.657	82.5680237	0.36127	0.026434122368151725	36.126999999999995	662
BX284605.5	4500000	4600000	33.791	77.5475311	0.36635	0.023812179646281666	36.635	663
BX284605.5	4600000	4700000	30.097	82.0743713	0.35448	0.026176313340146445	35.448	664
BX284605.5	4700000	4800000	25.802	117.9017029	0.35638	0.044887069199570515	35.638	665
BX284605.5	4800000	4900000	18.551	88.3349991	0.35737	0.02944591431407227	35.737	666
BX284605.5	4900000	5000000	10.656	112.1631088	0.34468	0.041890099333653084	34.467999999999996	667
BX284605.5	5000000	5100000	18.477	66.6040878	0.34632	0.01809698717440497	34.632000000000005	668
BX284605.5	5100000	5200000	18.814	88.7272034	0.3664	0.029650742264594715	36.64	669
BX284605.5	5200000	5300000	23.511	65.0024414	0.35525	0.017260530384987656	35.525	670
BX284605.5	5300000	5400000	15.79	119.8116302	0.34077	0.045884525103307115	34.077	671
BX284605.5	5400000	5500000	16.597	115.5833511	0.35539	0.04367631437667836	35.539	672
BX284605.5	5500000	5600000	18.66	98.8667374	0.35297	0.03494609463190107	35.297	673
BX284605.5	5600000	5700000	21.728	97.5070419	0.35268	0.03423599624032402	35.268	674
BX284605.5	5700000	5800000	11.283	96.294281	0.35437	0.033602634164434576	35.437000000000005	675
BX284605.5	5800000	5900000	8.062	115.7097702	0.35131	0.043742336511468555	35.131	676
BX284605.5	5900000	6000000	9.335	118.4196091	0.34169	0.04515754472854578	34.169	677
BX284605.5	6000000	6100000	34.793	67.1636963	0.33985	0.01838924165032465	33.985	678
BX284605.5	6100000	6200000	4.713	80.048172	0.38046	0.025118134605316082	38.046	679
BX284605.5	6200000	6300000	10.743	140.5404816	0.35983	0.05671012836402221	35.983	680
BX284605.5	6300000	6400000	6.81	95.254982	0.36945	0.03305986223625828	36.945	681
BX284605.5	6400000	6500000	8.976	95.9668503	0.36651	0.03343163410344817	36.651	682
BX284605.5	6500000	6600000	11.826	121.2209167	0.35458	0.04662052230041577	35.458	683
BX284605.5	6600000	6700000	8.231	94.2248611	0.35115	0.03252188355336943	35.115	684
BX284605.5	6700000	6800000	11.436	95.0008774	0.35615	0.03292715659168394	35.615	685
BX284605.5	6800000	6900000	5.939	94.437973	0.35402	0.032633180838251175	35.402	686
BX284605.5	6900000	7000000	11.765	75.6601105	0.34978	0.022826477823859378	34.977999999999994	687
BX284605.5	7000000	7100000	7.252	110.5371933	0.35029	0.04104096805286985	35.028999999999996	688
BX284605.5	7100000	7200000	5.955	97.5172195	0.34584	0.0342413114725875	34.583999999999996	689
BX284605.5	7200000	7300000	10.348	103.2544174	0.35122	0.03723755217570759	35.122	690
BX284605.5	7300000	7400000	10.178	96.2655334	0.33912	0.03358762078495241	33.912	691
BX284605.5	7400000	7500000	5.737	94.5048981	0.34375	0.032668132344574566	34.375	692
BX284605.5	7500000	7600000	9.197	99.2593384	0.3466	0.03515112975824483	34.660000000000004	693
BX284605.5	7600000	7700000	10.796	95.2755203	0.34314	0.03307058832441238	34.314	694
BX284605.5	7700000	7800000	10.065	84.3110962	0.3456	0.027344438669597293	34.56	695
BX284605.5	7800000	7900000	6.828	112.9482269	0.36714	0.042300125769725	36.714	696
BX284605.5	7900000	8000000	16.787	85.4361801	0.33598	0.027932011598815074	33.598	697
BX284605.5	8000000	8100000	11.977	96.1775665	0.34504	0.033541680238556526	34.504000000000005	698
BX284605.5	8100000	8200000	10.777	113.3847885	0.33981	0.04252811923589762	33.981	699
BX284605.5	8200000	8300000	7.598	105.932663	0.34761	0.03863626085188421	34.760999999999996	700
BX284605.5	8300000	8400000	18.886	84.1037674	0.34414	0.02723616159770318	34.414	701
BX284605.5	8400000	8500000	20.746	118.5833664	0.36276	0.04524306666734678	36.276	702
BX284605.5	8500000	8600000	5.271	119.905983	0.35511	0.04593380067384537	35.510999999999996	703
BX284605.5	8600000	8700000	8.586	107.3192825	0.35223	0.0393604202513081	35.223	704
BX284605.5	8700000	8800000	7.162	99.7111588	0.35081	0.035387092103727105	35.081	705
BX284605.5	8800000	8900000	7.761	179.6052856	0.40585	0.07711164803344278	40.585	706
BX284605.5	8900000	9000000	6.302	113.5141525	0.34689	0.04259567933911776	34.689	707
BX284605.5	9000000	9100000	2.322	104.0137405	0.33626	0.037634107222037666	33.626	708
BX284605.5	9100000	9200000	3.919	112.4005432	0.35042	0.04201409899794929	35.042	709
BX284605.5	9200000	9300000	6.086	87.4741669	0.34977	0.02899634633312526	34.977000000000004	710
BX284605.5	9300000	9400000	4.127	96.1381989	0.35122	0.03352112058425139	35.122	711
BX284605.5	9400000	9500000	15.129	70.0731735	0.34558	0.01990871059028223	34.558	712
BX284605.5	9500000	9600000	7.022	118.1860275	0.34734	0.0450355571817296	34.733999999999995	713
BX284605.5	9600000	9700000	8.509	98.1884689	0.36388	0.034591870196424616	36.388	714
BX284605.5	9700000	9800000	9.515	104.625061	0.35464	0.03795336819170924	35.464	715
BX284605.5	9800000	9900000	5.608	88.7517776	0.3277	0.02966357609385597	32.769999999999996	716
BX284605.5	9900000	10000000	8.923	89.887352	0.35068	0.030256627666767757	35.068	717
BX284605.5	10000000	10100000	5.248	113.6102829	0.34157	0.042645883257878735	34.157	718
BX284605.5	10100000	10200000	13.017	98.2626419	0.33957	0.03463060690475265	33.957	719
BX284605.5	10200000	10300000	9.778	69.8851166	0.34456	0.019810498231548263	34.455999999999996	720
BX284605.5	10300000	10400000	7.998	108.6958923	0.35284	0.040079352103924513	35.284	721
BX284605.5	10400000	10500000	7.519	77.0608826	0.34389	0.023558028391744614	34.388999999999996	722
BX284605.5	10500000	10600000	6.008	104.8775101	0.33945	0.03808520925455388	33.945	723
BX284605.5	10600000	10700000	8.016	66.3166809	0.34178	0.017946889466926973	34.178	724
BX284605.5	10700000	10800000	8.714	94.2642365	0.35749	0.03254244728120974	35.748999999999995	725
BX284605.5	10800000	10900000	5.707	92.5354309	0.35105	0.03163958184118336	35.105	726
BX284605.5	10900000	11000000	5.081	115.6514206	0.34954	0.0437118635437275	34.954	727
BX284605.5	11000000	11100000	4.962	90.9603806	0.34535	0.03081701481446087	34.535	728
BX284605.5	11100000	11200000	6.979	92.2350616	0.34755	0.03148271454493275	34.755	729
BX284605.5	11200000	11300000	6.15	109.6722717	0.34405	0.040589264390542334	34.405	730
BX284605.5	11300000	11400000	11.559	110.5440903	0.35324	0.04104456999801618	35.324	731
BX284605.5	11400000	11500000	4.519	107.6112137	0.3543	0.03951288076586533	35.43	732
BX284605.5	11500000	11600000	6.827	100.3040009	0.34304	0.03569670276410596	34.304	733
BX284605.5	11600000	11700000	6.907	101.5227203	0.34535	0.036333176655299795	34.535	734
BX284605.5	11700000	11800000	4.217	96.3605881	0.35014	0.03363726292143211	35.014	735
BX284605.5	11800000	11900000	7.696	74.6155701	0.34615	0.022280968584491263	34.615	736
BX284605.5	11900000	12000000	6.023	118.0527115	0.35847	0.044965933154017895	35.847	737
BX284605.5	12000000	12100000	8.033	90.6598129	0.34442	0.030660043904187206	34.442	738
BX284605.5	12100000	12200000	5.919	95.1393967	0.33741	0.03299949803293486	33.741	739
BX284605.5	12200000	12300000	11.214	100.5971298	0.35548	0.03584978877521268	35.548	740
BX284605.5	12300000	12400000	9.422	111.7628098	0.34726	0.04168104394143483	34.726	741
BX284605.5	12400000	12500000	5.23	84.7748795	0.34307	0.02758664861687615	34.307	742
BX284605.5	12500000	12600000	5.509	92.8234711	0.34838	0.031790010288383144	34.838	743
BX284605.5	12600000	12700000	6.393	108.0449219	0.3409	0.03973938404930915	34.089999999999996	744
BX284605.5	12700000	12800000	6.098	105.7154999	0.34157	0.03852284783549937	34.157	745
BX284605.5	12800000	12900000	6.16	110.5472183	0.33993	0.041046203590073264	33.993	746
BX284605.5	12900000	13000000	9.972	114.4679413	0.34747	0.04309379372780568	34.747	747
BX284605.5	13000000	13100000	8.989	104.1018524	0.35552	0.03768012349440806	35.552	748
BX284605.5	13100000	13200000	11.632	85.7915497	0.36417	0.028117602697245114	36.417	749
BX284605.5	13200000	13300000	6.537	118.4001465	0.34003	0.04514738042267295	34.003	750
BX284605.5	13300000	13400000	5.14	108.5331802	0.35472	0.03999437601883773	35.472	751
BX284605.5	13400000	13500000	11.966	91.1409073	0.34242	0.030911294540551536	34.242	752
BX284605.5	13500000	13600000	11.005	89.2649307	0.34097	0.029931569325386684	34.097	753
BX284605.5	13600000	13700000	13.498	111.4427414	0.36388	0.041513888827635716	36.388	754
BX284605.5	13700000	13800000	7.457	112.6392136	0.34967	0.04213874416089721	34.967	755
BX284605.5	13800000	13900000	5.641	123.1555023	0.3446	0.04763085595447884	34.46	756
BX284605.5	13900000	14000000	7.272	83.9988022	0.34166	0.02718134372142753	34.166000000000004	757
BX284605.5	14000000	14100000	21.232	86.0168762	0.3549	0.028235279033770225	35.49	758
BX284605.5	14100000	14200000	12.823	112.7653732	0.35774	0.04220463077230543	35.774	759
BX284605.5	14200000	14300000	11.236	103.2257309	0.35298	0.03722257070558434	35.298	760
BX284605.5	14300000	14400000	11.808	85.1223526	0.35606	0.02776811578318382	35.606	761
BX284605.5	14400000	14500000	6.369	110.2272415	0.36413	0.04087909631420013	36.413000000000004	762
BX284605.5	14500000	14600000	12.054	104.0035477	0.34926	0.03762878405160306	34.926	763
BX284605.5	14600000	14700000	9.506	107.6624908	0.35785	0.039539660133918506	35.785	764
BX284605.5	14700000	14800000	14.402	67.2658768	0.36927	0.01844260522231598	36.927	765
BX284605.5	14800000	14900000	10.557	115.3645172	0.35563	0.043562028788167895	35.563	766
BX284605.5	14900000	15000000	11.547	90.3119278	0.34165	0.0304783615716623	34.165	767
BX284605.5	15000000	15100000	9.587	114.5408936	0.36357	0.04313189292787793	36.357	768
BX284605.5	15100000	15200000	13.076	81.2932587	0.3541	0.02576837876883944	35.410000000000004	769
BX284605.5	15200000	15300000	8.392	99.6577606	0.34314	0.035359204995228835	34.314	770
BX284605.5	15300000	15400000	11.46	88.9238434	0.35633	0.029753437130996575	35.632999999999996	771
BX284605.5	15400000	15500000	15.557	95.3464127	0.34938	0.03310761174562325	34.938	772
BX284605.5	15500000	15600000	23.472	89.3061905	0.37676	0.029953117177546815	37.676	773
BX284605.5	15600000	15700000	25.721	70.9684067	0.34892	0.020376244428120464	34.892	774
BX284605.5	15700000	15800000	11.957	92.8138123	0.35808	0.03178496599843398	35.808	775
BX284605.5	15800000	15900000	16.764	106.8177567	0.34639	0.039098499355111574	34.638999999999996	776
BX284605.5	15900000	16000000	23.277	87.2841415	0.35895	0.02889710592900626	35.894999999999996	777
BX284605.5	16000000	16100000	11.256	102.7971115	0.36362	0.036998725038272263	36.362	778
BX284605.5	16100000	16200000	12.036	106.5237122	0.35291	0.03894493517364441	35.291	779
BX284605.5	16200000	16300000	14.283	106.7433624	0.35684	0.039059647073278976	35.684	780
BX284605.5	16300000	16400000	26.797	103.9526596	0.35578	0.03760220783806083	35.577999999999996	781
BX284605.5	16400000	16500000	21.541	87.1657333	0.36116	0.028835267471521084	36.116	782
BX284605.5	16500000	16600000	34.236	79.448967	0.36252	0.02480520093250116	36.252	783
BX284605.5	16600000	16700000	17.108	93.2497101	0.35332	0.03201261279631776	35.332	784
BX284605.5	16700000	16800000	19.675	95.3880081	0.36713	0.03312933486424577	36.713	785
BX284605.5	16800000	16900000	34.655	119.7320709	0.36246	0.04584297541003756	36.246	786
BX284605.5	16900000	17000000	25.398	72.8956375	0.36506	0.02138273705185699	36.506	787
BX284605.5	17000000	17100000	18.272	93.598053	0.37444	0.03219453421402288	37.444	788
BX284605.5	17100000	17200000	15.22	447.1602783	0.38797	0.216841734640833	38.797	789
BX284605.5	17200000	17300000	16.895	76.2128677	0.35942	0.023115154221370907	35.942	790
BX284605.5	17300000	17400000	18.044	81.5479202	0.3606	0.02590137525338072	36.059999999999995	791
BX284605.5	17400000	17500000	21.904	100.802742	0.37577	0.03595716935601817	37.577	792
BX284605.5	17500000	17600000	14.355	110.5214386	0.37703	0.041032740190727356	37.702999999999996	793
BX284605.5	17600000	17700000	24.583	83.4863663	0.3716	0.026913725046234196	37.16	794
BX284605.5	17700000	17800000	30.572	98.6514206	0.36938	0.03483364584218343	36.937999999999995	795
BX284605.5	17800000	17900000	46.205	62.3759804	0.352	0.015888866117775007	35.199999999999996	796
BX284605.5	17900000	18000000	45.172	63.1333885	0.34939	0.01628442105899341	34.939	797
BX284605.5	18000000	18100000	39.28	72.0537186	0.33777	0.020943046505901425	33.777	798
BX284605.5	18100000	18200000	36.043	59.3574715	0.36821	0.014312455579642752	36.821	799
BX284605.5	18200000	18300000	31.976	50.5292282	0.35268	0.009701922289078173	35.268	800
BX284605.5	18300000	18400000	38.598	62.8653488	0.33699	0.016144437834919492	33.699	801
BX284605.5	18400000	18500000	30.257	45.4894791	0.37726	0.007069922896668714	37.726	802
BX284605.5	18500000	18600000	46.264	84.0632324	0.34541	0.027214992270966003	34.541	803
BX284605.5	18600000	18700000	39.203	69.4932785	0.35641	0.01960586152828006	35.641	804
BX284605.5	18700000	18800000	40.552	111.9684372	0.3557	0.04178843246041144	35.57	805
BX284605.5	18800000	18900000	42.095	61.3182716	0.3437	0.015336479706525658	34.37	806
BX284605.5	18900000	19000000	34.486	52.4474983	0.33129	0.010703735204264216	33.129	807
BX284605.5	19000000	19100000	39.202	90.6156006	0.35314	0.030636954114511554	35.314	808
BX284605.5	19100000	19200000	29.537	75.9876633	0.3162	0.022997541651338806	31.619999999999997	809
BX284605.5	19200000	19300000	33.417	84.5157928	0.37569	0.02745134108004235	37.569	810
BX284605.5	19300000	19400000	36.201	88.0428314	0.35513	0.029293330287839356	35.513	811
BX284605.5	19400000	19500000	17.218	91.8243637	0.34532	0.03126822834694646	34.532000000000004	812
BX284605.5	19500000	19600000	34.261	84.0978928	0.36271	0.02723309359901439	36.271	813
BX284605.5	19600000	19700000	41.734	106.6211472	0.35778	0.038995820417276755	35.778	814
BX284605.5	19700000	19800000	31.494	98.1427612	0.36948	0.03456799943694009	36.948	815
BX284605.5	19800000	19900000	40.613	95.1962128	0.34005	0.03302917013321442	34.005	816
BX284605.5	19900000	20000000	41.252	61.6324196	0.3506	0.01550054290267299	35.06	817
BX284605.5	20000000	20100000	35.499	86.6969223	0.33127	0.0285904318174694	33.127	818
BX284605.5	20100000	20200000	33.269	100.3416901	0.33506	0.0357163858771999	33.506	819
BX284605.5	20200000	20300000	30.668	93.7133636	0.33656	0.03225475495579322	33.656000000000006	820
BX284605.5	20300000	20400000	31.849	108.584671	0.36708	0.04002126699130988	36.708	821
BX284605.5	20400000	20500000	26.781	122.4877319	0.35427	0.047282114131781953	35.427	822
BX284605.5	20500000	20600000	19.545	111.1918335	0.36072	0.04138285265356294	36.071999999999996	823
BX284605.5	20600000	20700000	14.545	149.8811493	0.37585	0.061588274323926974	37.585	824
BX284605.5	20700000	20800000	20.633	120.8684387	0.35263	0.04643644133459195	35.263	825
BX284605.5	20800000	20900000	21.913	135.2949219	0.35236	0.05397064477678419	35.236000000000004	826
BX284605.5	20900000	20924180	32.531	99.5481796	0.347849	0.03530197652617278	34.7849	827
BX284606.5	0	100000	48.532	77.2932816	0.35678	0.023679398327957624	35.678	828
BX284606.5	100000	200000	34.2	45.8339806	0.36147	0.007249838150522154	36.147	829
BX284606.5	200000	300000	40.021	66.5628815	0.35097	0.0180754672625182	35.097	830
BX284606.5	300000	400000	33.121	94.2960129	0.3491	0.032559042445737464	34.910000000000004	831
BX284606.5	400000	500000	23.439	121.5511017	0.35089	0.046792960789344265	35.089	832
BX284606.5	500000	600000	21.35	126.6763382	0.35594	0.04946960581398543	35.594	833
BX284606.5	600000	700000	13.929	109.9372025	0.34287	0.04072762399749788	34.287	834
BX284606.5	700000	800000	8.286	160.4412994	0.34524	0.06710329265032593	34.524	835
BX284606.5	800000	900000	9.394	132.7624664	0.35212	0.05264807470334463	35.211999999999996	836
BX284606.5	900000	1000000	10.125	118.6373062	0.34801	0.04527123662541606	34.801	837
BX284606.5	1000000	1100000	10.793	130.607605	0.34675	0.05152270243123557	34.675	838
BX284606.5	1100000	1200000	9.691	87.8388977	0.35516	0.029186826300469867	35.516	839
BX284606.5	1200000	1300000	19.08	96.1782684	0.3466	0.033542046804497974	34.660000000000004	840
BX284606.5	1300000	1400000	22.913	69.8915405	0.36227	0.019813853101118436	36.227	841
BX284606.5	1400000	1500000	15.814	103.5238876	0.36835	0.03737828247568868	36.835	842
BX284606.5	1500000	1600000	16.404	92.7401428	0.37465	0.031746492242024346	37.464999999999996	843
BX284606.5	1600000	1700000	22.058	48.5196686	0.36767	0.008652433605958892	36.767	844
BX284606.5	1700000	1800000	32.782	50.0991287	0.36367	0.00947730364235316	36.367	845
BX284606.5	1800000	1900000	27.424	86.673851	0.35168	0.028578382874877777	35.168	846
BX284606.5	1900000	2000000	23.867	68.4095993	0.35148	0.019039912124972108	35.148	847
BX284606.5	2000000	2100000	31.739	60.5502205	0.35003	0.014935366478777986	35.003	848
BX284606.5	2100000	2200000	19.96	97.6941376	0.35126	0.03433370661418419	35.126000000000005	849
BX284606.5	2200000	2300000	16.786	113.0511703	0.3534	0.04235388776479189	35.339999999999996	850
BX284606.5	2300000	2400000	19.273	95.6074829	0.35668	0.03324395516156359	35.668	851
BX284606.5	2400000	2500000	23.897	87.0287704	0.35135	0.028763738857213155	35.135	852
BX284606.5	2500000	2600000	21.415	92.4156418	0.34809	0.031577022211296775	34.809	853
BX284606.5	2600000	2700000	26.306	117.7565613	0.34453	0.044811269274726374	34.453	854
BX284606.5	2700000	2800000	24.936	108.3310089	0.35139	0.039888792441519834	35.138999999999996	855
BX284606.5	2800000	2900000	30.871	127.3543015	0.34931	0.04982367085934174	34.931	856
BX284606.5	2900000	3000000	32.012	90.6303482	0.34726	0.030644656020592458	34.726	857
BX284606.5	3000000	3100000	18.61	78.5032883	0.35848	0.024311322028129793	35.848	858
BX284606.5	3100000	3200000	11.499	109.6324921	0.36569	0.04056848957001996	36.569	859
BX284606.5	3200000	3300000	7.078	106.1573792	0.36066	0.03875361846039384	36.065999999999995	860
BX284606.5	3300000	3400000	14.388	114.6531372	0.34804	0.04319051193472529	34.804	861
BX284606.5	3400000	3500000	7.448	103.70646669999999	0.35923	0.03747363406377997	35.923	862
BX284606.5	3500000	3600000	8.752	101.8592911	0.36302	0.03650895011614584	36.302	863
BX284606.5	3600000	3700000	10.346	98.2436066	0.35295	0.034620665755492996	35.295	864
BX284606.5	3700000	3800000	18.809	99.6587677	0.37215	0.035359730951290434	37.214999999999996	865
BX284606.5	3800000	3900000	7.668	92.6733017	0.36035	0.03171158460454136	36.035000000000004	866
BX284606.5	3900000	4000000	12.556	77.800972	0.35385	0.023944538674791977	35.385	867
BX284606.5	4000000	4100000	7.861	56.0482407	0.33545	0.012584216081580703	33.545	868
BX284606.5	4100000	4200000	11.022	120.5282669	0.35414	0.046258787258337486	35.414	869
BX284606.5	4200000	4300000	15.828	72.3580322	0.35317	0.021101973705333225	35.317	870
BX284606.5	4300000	4400000	11.794	61.8807106	0.35165	0.01563021240569264	35.165	871
BX284606.5	4400000	4500000	12.048	96.8019333	0.35069	0.03386775461361632	35.069	872
BX284606.5	4500000	4600000	10.512	110.0662231	0.35933	0.04079500476072046	35.933	873
BX284606.5	4600000	4700000	6.833	98.6125031	0.35909	0.034813321251748144	35.909	874
BX284606.5	4700000	4800000	10.873	100.0457764	0.35053	0.03556184550958405	35.053	875
BX284606.5	4800000	4900000	7.598	120.2209015	0.36496	0.04609826626215382	36.496	876
BX284606.5	4900000	5000000	8.509	99.5529709	0.36232	0.03530447877349475	36.232	877
BX284606.5	5000000	5100000	18.36	78.5680084	0.3425	0.024345121977392484	34.25	878
BX284606.5	5100000	5200000	8.343	119.9566879	0.35114	0.04596028121153567	35.114000000000004	879
BX284606.5	5200000	5300000	15.019	73.1746216	0.36071	0.021528435968037534	36.071	880
BX284606.5	5300000	5400000	10.094	109.7388535	0.34328	0.040624036609092966	34.327999999999996	881
BX284606.5	5400000	5500000	10.634	114.8877411	0.36577	0.04331303337577418	36.577	882
BX284606.5	5500000	5600000	9.153	110.1573334	0.35773	0.040842586941794164	35.772999999999996	883
BX284606.5	5600000	5700000	10.527	106.3636017	0.35198	0.03886131776921482	35.198	884
BX284606.5	5700000	5800000	11.974	103.7224121	0.35258	0.037481961518635164	35.258	885
BX284606.5	5800000	5900000	6.495	97.2450333	0.35946	0.03409916274676656	35.946	886
BX284606.5	5900000	6000000	11.518	88.3859482	0.34795	0.029472522384748606	34.795	887
BX284606.5	6000000	6100000	10.558	90.6830368	0.34996	0.0306721725418389	34.996	888
BX284606.5	6100000	6200000	8.979	96.1604996	0.34395	0.03353276708245708	34.394999999999996	889
BX284606.5	6200000	6300000	8.963	107.0538177	0.35791	0.039221781763867106	35.791000000000004	890
BX284606.5	6300000	6400000	11.445	95.9018173	0.35086	0.033397670742754966	35.086	891
BX284606.5	6400000	6500000	8.174	98.1818695	0.34843	0.03458842367231287	34.843	892
BX284606.5	6500000	6600000	7.923	111.445137	0.34373	0.04151513992518429	34.373	893
BX284606.5	6600000	6700000	10.564	107.5998688	0.34407	0.03950695591339461	34.407	894
BX284606.5	6700000	6800000	7.204	118.0390625	0.35238	0.04495880498969975	35.238	895
BX284606.5	6800000	6900000	15.328	85.3648376	0.36022	0.027894753113734343	36.022	896
BX284606.5	6900000	7000000	8.701	99.2162094	0.34838	0.03512860571993601	34.838	897
BX284606.5	7000000	7100000	16.549	72.4178925	0.3448	0.021133235633279093	34.48	898
BX284606.5	7100000	7200000	11.296	113.5094681	0.34316	0.042593232920117706	34.316	899
BX284606.5	7200000	7300000	5.224	135.0308075	0.36552	0.05383271153317758	36.552	900
BX284606.5	7300000	7400000	6.876	81.4697418	0.37546	0.02586054673251258	37.546	901
BX284606.5	7400000	7500000	8.942	102.9769821	0.35001	0.03709266211738446	35.001	902
BX284606.5	7500000	7600000	7.388	123.3645096	0.35894	0.04774000961980896	35.894	903
BX284606.5	7600000	7700000	8.262	134.9487457	0.35793	0.05378985491403753	35.793	904
BX284606.5	7700000	7800000	10.797	109.8121338	0.35732	0.04066230710654205	35.732	905
BX284606.5	7800000	7900000	8.174	100.5716705	0.34043	0.03583649270415803	34.043	906
BX284606.5	7900000	8000000	10.383	96.6743622	0.34426	0.03380113084901482	34.426	907
BX284606.5	8000000	8100000	11.41	67.8295593	0.34268	0.018736987336995428	34.268	908
BX284606.5	8100000	8200000	13.387	99.2596588	0.3488	0.035151297086536096	34.88	909
BX284606.5	8200000	8300000	6.112	100.6744385	0.34505	0.035890163096908165	34.505	910
BX284606.5	8300000	8400000	8.162	89.7541199	0.34676	0.030187047455671644	34.676	911
BX284606.5	8400000	8500000	9.61	100.5723724	0.34805	0.03583685927009949	34.805	912
BX284606.5	8500000	8600000	6.893	80.2037506	0.35104	0.025199385233580878	35.104	913
BX284606.5	8600000	8700000	9.057	68.7245407	0.33599	0.01920438967276206	33.599000000000004	914
BX284606.5	8700000	8800000	10.578	99.3946075	0.34145	0.03522177378872082	34.144999999999996	915
BX284606.5	8800000	8900000	13.568	68.9719925	0.34137	0.01933362090517611	34.137	916
BX284606.5	8900000	9000000	7.434	86.5581284	0.33427	0.02851794696689021	33.427	917
BX284606.5	9000000	9100000	10.473	90.9353027	0.3414	0.030803917928831602	34.14	918
BX284606.5	9100000	9200000	9.816	68.706543	0.35612	0.019194990408131052	35.612	919
BX284606.5	9200000	9300000	8.418	64.2155914	0.34201	0.016849599467431187	34.201	920
BX284606.5	9300000	9400000	5.101	104.1658173	0.33783	0.03771352904190556	33.783	921
BX284606.5	9400000	9500000	6.621	75.5354614	0.34966	0.022761380068206348	34.966	922
BX284606.5	9500000	9600000	4.364	126.79142	0.3436	0.049529707065390456	34.36	923
BX284606.5	9600000	9700000	5.853	97.8398438	0.34101	0.03440980140030563	34.101	924
BX284606.5	9700000	9800000	2.427	107.6504593	0.35559	0.039533376705902255	35.559000000000005	925
BX284606.5	9800000	9900000	4.31	116.5320206	0.36028	0.04417175522066748	36.028	926
BX284606.5	9900000	10000000	6.021	116.1305923	0.34795	0.04396211005366979	34.795	927
BX284606.5	10000000	10100000	3.722	108.0071793	0.34668	0.03971967304816666	34.668	928
BX284606.5	10100000	10200000	5.397	99.9121323	0.35486	0.035492050132270705	35.486000000000004	929
BX284606.5	10200000	10300000	6.473	103.08004	0.33477	0.03714648390985881	33.477000000000004	930
BX284606.5	10300000	10400000	7.202	66.7088623	0.35276	0.018151705457967942	35.276	931
BX284606.5	10400000	10500000	5.025	99.9712982	0.3392	0.035522949411135873	33.92	932
BX284606.5	10500000	10600000	5.155	82.0671387	0.35319	0.026172536128537732	35.319	933
BX284606.5	10600000	10700000	4.761	90.8607483	0.34278	0.030764982035078194	34.278	934
BX284606.5	10700000	10800000	7.555	96.6028595	0.34985	0.03376378869978845	34.985	935
BX284606.5	10800000	10900000	4.004	91.4802628	0.34826	0.031088522305681914	34.826	936
BX284606.5	10900000	11000000	5.321	116.3899307	0.34741	0.04409754904035038	34.741	937
BX284606.5	11000000	11100000	3.976	98.2634811	0.35379	0.03463104517535825	35.379	938
BX284606.5	11100000	11200000	4.138	92.9597015	0.34501	0.03186115635595775	34.501	939
BX284606.5	11200000	11300000	6.329	94.7758102	0.35433	0.03280961567409118	35.433	940
BX284606.5	11300000	11400000	4.253	110.2861328	0.35399	0.040909852183737	35.399	941
BX284606.5	11400000	11500000	5.728	101.0671234	0.36218	0.036095242039867526	36.218	942
BX284606.5	11500000	11600000	2.994	117.6772003	0.35776	0.04476982314325506	35.776	943
BX284606.5	11600000	11700000	6.378	114.7075195	0.34725	0.04321891298757886	34.725	944
BX284606.5	11700000	11800000	8.286	94.4017715	0.33451	0.032614274673655734	33.451	945
BX284606.5	11800000	11900000	10.182	88.3847275	0.34428	0.02947188487649282	34.428	946
BX284606.5	11900000	12000000	12.672	90.9917526	0.33557	0.03083339878185692	33.556999999999995	947
BX284606.5	12000000	12100000	5.306	93.9034271	0.35412	0.03235401525756483	35.412	948
BX284606.5	12100000	12200000	7.863	81.6647415	0.3487	0.025962384955355865	34.870000000000005	949
BX284606.5	12200000	12300000	5.225	89.7395096	0.34917	0.030179417254254888	34.917	950
BX284606.5	12300000	12400000	8.955	96.3726807	0.34784	0.03364357825880727	34.784	951
BX284606.5	12400000	12500000	12.102	113.6259689	0.35196	0.042654075241576765	35.196	952
BX284606.5	12500000	12600000	8.859	89.1593628	0.34411	0.02987643669018111	34.411	953
BX284606.5	12600000	12700000	9.07	105.5646515	0.36144	0.03844406754519763	36.144	954
BX284606.5	12700000	12800000	4.188	102.1071472	0.35175	0.036638392493466766	35.175	955
BX284606.5	12800000	12900000	8.095	119.568428	0.35313	0.04575751321641921	35.313	956
BX284606.5	12900000	13000000	5.63	98.0050507	0.34891	0.034496080389952534	34.891	957
BX284606.5	13000000	13100000	7.02	93.9386826	0.33982	0.03237242737545759	33.982	958
BX284606.5	13100000	13200000	2.738	95.8177567	0.34245	0.033353770254112465	34.245	959
BX284606.5	13200000	13300000	8.547	94.0024719	0.34776	0.03240574121618871	34.776	960
BX284606.5	13300000	13400000	7.338	94.7294312	0.33955	0.03278539432945706	33.955	961
BX284606.5	13400000	13500000	12.362	80.500061	0.34515	0.025354132777018028	34.515	962
BX284606.5	13500000	13600000	10.23	111.85112	0.35741	0.04172716377560346	35.741	963
BX284606.5	13600000	13700000	10.239	91.9604797	0.34926	0.03133931466933842	34.926	964
BX284606.5	13700000	13800000	9.913	67.0790863	0.34094	0.018345054238575964	34.094	965
BX284606.5	13800000	13900000	10.82	88.9223022	0.33887	0.02975263224222472	33.887	966
BX284606.5	13900000	14000000	10.307	92.5649033	0.3556	0.03165497374608848	35.56	967
BX284606.5	14000000	14100000	12.678	64.8272018	0.34944	0.01716901183682698	34.943999999999996	968
BX284606.5	14100000	14200000	13.906	96.5785522	0.35546	0.03375109425854512	35.546	969
BX284606.5	14200000	14300000	9.543	113.3125229	0.34149	0.042490378663595695	34.149	970
BX284606.5	14300000	14400000	12.487	58.9981003	0.3314	0.01412477465321539	33.14	971
BX284606.5	14400000	14500000	13.567	95.2631912	0.34555	0.03306414947536154	34.555	972
BX284606.5	14500000	14600000	12.094	111.8211594	0.35718	0.041711516909175884	35.717999999999996	973
BX284606.5	14600000	14700000	10.146	93.7910614	0.36031	0.032295332484224455	36.031	974
BX284606.5	14700000	14800000	12.267	107.6073914	0.36402	0.03951088457695236	36.402	975
BX284606.5	14800000	14900000	12.848	78.3284225	0.35551	0.024219998696308934	35.551	976
BX284606.5	14900000	15000000	12.344	65.4758682	0.35793	0.017507776631819735	35.793	977
BX284606.5	15000000	15100000	14.462	80.7605896	0.35408	0.02549019334338735	35.408	978
BX284606.5	15100000	15200000	14.483	109.5811005	0.36368	0.040541650404559336	36.368	979
BX284606.5	15200000	15300000	16.954	79.9698334	0.36295	0.025077222420302307	36.295	980
BX284606.5	15300000	15400000	20.309	73.7033768	0.36056	0.021804577366650684	36.056	981
BX284606.5	15400000	15500000	20.756	73.8541718	0.36206	0.02188332976890388	36.205999999999996	982
BX284606.5	15500000	15600000	16.084	96.1205673	0.3635	0.033511912514649835	36.35	983
BX284606.5	15600000	15700000	21.123	73.4879379	0.35047	0.021692064810440028	35.047	984
BX284606.5	15700000	15800000	25.227	82.4204407	0.36473	0.02635704742679602	36.473	985
BX284606.5	15800000	15900000	21.086	68.6265182	0.35494	0.019153197608370906	35.494	986
BX284606.5	15900000	16000000	21.396	76.2876511	0.35295	0.023154209709939238	35.295	987
BX284606.5	16000000	16100000	19.498	74.5716019	0.34872	0.022258006275576853	34.872	988
BX284606.5	16100000	16200000	24.512	100.4780121	0.35815	0.03578757978270049	35.815000000000005	989
BX284606.5	16200000	16300000	26.166	87.68573	0.35243	0.029106834760149587	35.243	990
BX284606.5	16300000	16400000	22.084	111.9526367	0.35821	0.04178018067930596	35.821	991
BX284606.5	16400000	16500000	14.148	117.1249619	0.35152	0.04448141768805787	35.152	992
BX284606.5	16500000	16600000	15.827	106.5178986	0.35291	0.03894189903208972	35.291	993
BX284606.5	16600000	16700000	13.462	97.624939	0.35979	0.03429756777680524	35.979	994
BX284606.5	16700000	16800000	6.978	113.648262	0.35408	0.0426657177706969	35.408	995
BX284606.5	16800000	16900000	11.313	123.8328781	0.38088	0.04798461417907635	38.088	996
BX284606.5	16900000	17000000	11.958	70.8385086	0.35421	0.020308405392190053	35.421	997
BX284606.5	17000000	17100000	12.113	138.2936554	0.35069	0.05553672764983792	35.069	998
BX284606.5	17100000	17200000	7.72	128.8459015	0.3642	0.050602656125437205	36.42	999
BX284606.5	17200000	17300000	22.768	86.0735168	0.34837	0.028264859479508228	34.837	1000
BX284606.5	17300000	17400000	12.776	95.89888	0.34637	0.03339613674341057	34.637	1001
BX284606.5	17400000	17500000	6.316	77.4157028	0.36417	0.023743332567068468	36.417	1002
BX284606.5	17500000	17600000	9.398	110.9473572	0.33929	0.0412551753703707	33.928999999999995	1003
BX284606.5	17600000	17700000	17.278	115.1166916	0.3607	0.043432602339414025	36.07	1004
BX284606.5	17700000	17718942	14.3543	103.0367432	0.394784	0.0371238722383188	39.4784	1005
